datetime,open,high,low,close,volume
2026-03-10T18:45:00+00:00,114.96,115.39999999999999,114.94,115.16,1649
2026-03-10T19:00:00+00:00,115.16,115.46,114.83,114.98,1253
2026-03-10T19:15:00+00:00,114.98,115.21,114.74,114.85,1269
2026-03-10T19:30:00+00:00,114.85,114.99,114.57,114.77,1844
2026-03-10T19:45:00+00:00,114.77,114.86999999999999,114.19,114.34,1651
2026-03-11T13:30:00+00:00,114.34,115.78,113.84,114.66000000000001,1109
2026-03-11T13:45:00+00:00,114.66000000000001,115.14000000000001,114.36000000000001,114.68,1287
2026-03-11T14:00:00+00:00,114.68,115.63000000000001,114.44000000000001,114.72000000000001,1730
2026-03-11T14:15:00+00:00,114.72000000000001,114.86000000000001,113.82000000000001,113.85000000000001,1372
2026-03-11T14:30:00+00:00,113.85000000000001,115.02000000000001,113.83000000000001,115.02000000000001,1371
2026-03-11T14:45:00+00:00,115.02000000000001,115.48,114.88000000000001,115.46000000000001,1457
2026-03-11T15:00:00+00:00,115.46000000000001,115.72000000000001,114.46000000000001,114.49000000000001,1811
2026-03-11T15:15:00+00:00,114.49000000000001,114.81,114.22000000000001,114.45,1435
2026-03-11T15:30:00+00:00,114.45,114.60000000000001,114.09,114.09,1391
2026-03-11T15:45:00+00:00,114.09,114.4,113.82000000000001,114.23,1209
2026-03-11T16:00:00+00:00,114.23,114.35000000000001,113.86000000000001,114.19000000000001,1117
2026-03-11T16:15:00+00:00,114.19000000000001,114.27000000000001,114.00000000000001,114.14000000000001,1177
2026-03-11T16:30:00+00:00,114.14000000000001,114.73,114.14000000000001,114.67,977
2026-03-11T16:45:00+00:00,114.67,114.98,114.54,114.84,889
2026-03-11T17:00:00+00:00,114.84,114.89000000000001,114.37,114.49000000000001,1039
2026-03-11T17:15:00+00:00,114.49000000000001,114.81,114.24000000000001,114.68,957
2026-03-11T17:30:00+00:00,114.68,115.02000000000001,114.22000000000001,114.41000000000001,1331
2026-03-11T17:45:00+00:00,114.41000000000001,114.73,114.18,114.55000000000001,1107
2026-03-11T18:00:00+00:00,114.55000000000001,114.68,114.21000000000001,114.47000000000001,1011
2026-03-11T18:15:00+00:00,114.47000000000001,114.93,114.43,114.78,1072
2026-03-11T18:30:00+00:00,114.78,115.04,114.65,115.02000000000001,892
2026-03-11T18:45:00+00:00,115.02000000000001,115.12,114.7,114.81,933
2026-03-11T19:00:00+00:00,114.81,114.95,114.67,114.72000000000001,913
2026-03-11T19:15:00+00:00,114.72000000000001,115.16000000000001,114.72000000000001,114.95,822
2026-03-11T19:30:00+00:00,114.95,115.47000000000001,114.94000000000001,115.44000000000001,1013
2026-03-11T19:45:00+00:00,115.44000000000001,115.56,115.27000000000001,115.51,1133
2026-03-12T13:30:00+00:00,115.51,115.51,111.58000000000001,112.61000000000001,1724
2026-03-12T13:45:00+00:00,112.61000000000001,112.79,111.61000000000001,112.11000000000001,1646
2026-03-12T14:00:00+00:00,112.11000000000001,112.56,111.44000000000001,112.04,1469
2026-03-12T14:15:00+00:00,112.04,112.2,111.07000000000001,111.07000000000001,1454
2026-03-12T14:30:00+00:00,111.07000000000001,112.03,110.94000000000001,111.95,1546
2026-03-12T14:45:00+00:00,111.95,112.35000000000001,111.46000000000001,111.58000000000001,1685
2026-03-12T15:00:00+00:00,111.58000000000001,111.63000000000001,111.07000000000001,111.30000000000001,1436
2026-03-12T15:15:00+00:00,111.30000000000001,111.85000000000001,111.09,111.66000000000001,1339
2026-03-12T15:30:00+00:00,111.66000000000001,112.67,111.58000000000001,112.57000000000001,2005
2026-03-12T15:45:00+00:00,112.57000000000001,112.67,112.12,112.44000000000001,1867
2026-03-12T16:00:00+00:00,112.44000000000001,112.67,111.96000000000001,112.22000000000001,1716
2026-03-12T16:15:00+00:00,112.22000000000001,112.99000000000001,112.18,112.28,1844
2026-03-12T16:30:00+00:00,112.28,112.63000000000001,112.01,112.37,1638
2026-03-12T16:45:00+00:00,112.37,112.41000000000001,111.82000000000001,112.07000000000001,1487
2026-03-12T17:00:00+00:00,112.07000000000001,112.38000000000001,111.81,111.86000000000001,1435
2026-03-12T17:15:00+00:00,111.86000000000001,112.15,111.73,111.87,1547
2026-03-12T17:30:00+00:00,111.87,112.26,111.84,111.92,1450
2026-03-12T17:45:00+00:00,111.92,111.98,111.65,111.79,1691
2026-03-12T18:00:00+00:00,111.79,112.2,111.72000000000001,112.19000000000001,1482
2026-03-12T18:15:00+00:00,112.19000000000001,112.21000000000001,111.57000000000001,111.77000000000001,1374
2026-03-12T18:30:00+00:00,111.77000000000001,112.00000000000001,111.67,111.91000000000001,1201
2026-03-12T18:45:00+00:00,111.91000000000001,112.04,111.76,111.84,1074
2026-03-12T19:00:00+00:00,111.84,112.27000000000001,111.78,112.09,1535
2026-03-12T19:15:00+00:00,112.09,112.31,111.96000000000001,112.23,1476
2026-03-12T19:30:00+00:00,112.23,112.38000000000001,111.98,112.14000000000001,1294
2026-03-12T19:45:00+00:00,112.14000000000001,112.41000000000001,111.82000000000001,111.85000000000001,1717
2026-03-13T13:30:00+00:00,111.85000000000001,114.18,111.85000000000001,114.15,833
2026-03-13T13:45:00+00:00,114.15,114.19000000000001,112.99000000000001,113.25000000000001,1376
2026-03-13T14:00:00+00:00,113.25000000000001,113.49000000000001,112.74000000000001,112.92,1286
2026-03-13T14:15:00+00:00,112.92,113.29,112.68,113.12,1039
2026-03-13T14:30:00+00:00,113.12,113.77000000000001,113.07000000000001,113.21000000000001,1256
2026-03-13T14:45:00+00:00,113.21000000000001,113.55000000000001,112.93,113.28,1331
2026-03-13T15:00:00+00:00,113.28,113.54,113.05000000000001,113.48,1362
2026-03-13T15:15:00+00:00,113.48,113.52000000000001,112.72000000000001,112.9,1369
2026-03-13T15:30:00+00:00,112.9,113.29,112.73,112.97000000000001,1575
2026-03-13T15:45:00+00:00,112.97000000000001,113.48,112.87,113.08000000000001,1709
2026-03-13T16:00:00+00:00,113.08000000000001,113.34,112.84,113.01,1400
2026-03-13T16:15:00+00:00,113.01,113.09,112.58000000000001,112.58000000000001,1462
2026-03-13T16:30:00+00:00,112.58000000000001,112.84,112.38000000000001,112.53,1343
2026-03-13T16:45:00+00:00,112.53,112.9,112.36000000000001,112.43,1406
2026-03-13T17:00:00+00:00,112.43,112.72000000000001,112.34,112.72000000000001,1104
2026-03-13T17:15:00+00:00,112.72000000000001,112.80000000000001,112.4,112.52000000000001,919
2026-03-13T17:30:00+00:00,112.52000000000001,112.68,112.09,112.32000000000001,1302
2026-03-13T17:45:00+00:00,112.32000000000001,112.37,111.7,111.86000000000001,1353
2026-03-13T18:00:00+00:00,111.86000000000001,112.06,111.7,112.01,1166
2026-03-13T18:15:00+00:00,112.01,112.28,111.89000000000001,112.22000000000001,1060
2026-03-13T18:30:00+00:00,112.22000000000001,112.63000000000001,112.11000000000001,112.48,894
2026-03-13T18:45:00+00:00,112.48,112.54,112.24000000000001,112.38000000000001,994
2026-03-13T19:00:00+00:00,112.38000000000001,112.47000000000001,112.10000000000001,112.32000000000001,991
2026-03-13T19:15:00+00:00,112.32000000000001,112.42,111.85000000000001,111.91000000000001,1105
2026-03-13T19:30:00+00:00,111.91000000000001,112.25000000000001,111.9,112.03,1066
2026-03-13T19:45:00+00:00,112.03,112.11000000000001,111.84,112.03,1416
2026-03-16T13:30:00+00:00,112.03,114.49000000000001,112.03,114.31,1842
2026-03-16T13:45:00+00:00,114.31,114.86000000000001,114.10000000000001,114.76,1597
2026-03-16T14:00:00+00:00,114.76,115.02000000000001,114.21000000000001,114.43,1808
2026-03-16T14:15:00+00:00,114.43,114.51,114.00000000000001,114.00000000000001,1683
2026-03-16T14:30:00+00:00,114.00000000000001,114.16000000000001,113.26,113.32000000000001,1803
2026-03-16T14:45:00+00:00,113.32000000000001,114.11000000000001,113.24000000000001,114.10000000000001,1716
2026-03-16T15:00:00+00:00,114.10000000000001,114.15,113.43,113.66000000000001,1574
2026-03-16T15:15:00+00:00,113.66000000000001,113.9,113.4,113.84,1226
2026-03-16T15:30:00+00:00,113.84,114.14000000000001,113.76,113.78,1107
2026-03-16T15:45:00+00:00,113.78,113.97000000000001,113.49000000000001,113.68,1316
2026-03-16T16:00:00+00:00,113.68,114.00000000000001,113.55000000000001,113.94000000000001,1158
2026-03-16T16:15:00+00:00,113.94000000000001,113.98,113.06,113.17,1337
2026-03-16T16:30:00+00:00,113.17,113.72000000000001,112.96000000000001,113.63000000000001,1197
2026-03-16T16:45:00+00:00,113.63000000000001,113.63000000000001,113.36000000000001,113.46000000000001,1074
2026-03-16T17:00:00+00:00,113.46000000000001,113.75000000000001,113.41000000000001,113.65,1358
2026-03-16T17:15:00+00:00,113.65,113.68,113.39000000000001,113.41000000000001,965
2026-03-16T17:30:00+00:00,113.41000000000001,113.63000000000001,113.38000000000001,113.44000000000001,1018
2026-03-16T17:45:00+00:00,113.44000000000001,113.62,113.09,113.44000000000001,1064
2026-03-16T18:00:00+00:00,113.44000000000001,113.69000000000001,113.35000000000001,113.59,1056
2026-03-16T18:15:00+00:00,113.59,113.79,113.52000000000001,113.7,1053
2026-03-16T18:30:00+00:00,113.7,113.94000000000001,113.60000000000001,113.87,1035
2026-03-16T18:45:00+00:00,113.87,113.93,113.67,113.73,970
2026-03-16T19:00:00+00:00,113.73,114.02000000000001,113.51,113.62,1188
2026-03-16T19:15:00+00:00,113.62,113.76,113.30000000000001,113.51,1639
2026-03-16T19:30:00+00:00,113.51,113.58000000000001,113.18,113.22000000000001,1247
2026-03-16T19:45:00+00:00,113.22000000000001,113.73,113.19000000000001,113.67,1710
2026-03-17T13:30:00+00:00,113.67,116.07000000000001,113.67,115.46000000000001,1013
2026-03-17T13:45:00+00:00,115.46000000000001,115.92,115.07000000000001,115.13000000000001,1353
2026-03-17T14:00:00+00:00,115.13000000000001,115.26,114.53,114.83000000000001,1089
2026-03-17T14:15:00+00:00,114.83000000000001,115.06,114.49000000000001,114.67,1090
2026-03-17T14:30:00+00:00,114.67,114.89000000000001,114.35000000000001,114.82000000000001,1068
2026-03-17T14:45:00+00:00,114.82000000000001,114.96000000000001,114.55000000000001,114.65,978
2026-03-17T15:00:00+00:00,114.65,114.73,114.24000000000001,114.31,876
2026-03-17T15:15:00+00:00,114.31,114.45,114.09,114.15,982
2026-03-17T15:30:00+00:00,114.15,114.45,113.99000000000001,114.16000000000001,1036
2026-03-17T15:45:00+00:00,114.16000000000001,114.37,114.07000000000001,114.29,1096
2026-03-17T16:00:00+00:00,114.29,114.32000000000001,113.97000000000001,114.16000000000001,1110
2026-03-17T16:15:00+00:00,114.16000000000001,114.36000000000001,113.91000000000001,113.95,940
2026-03-17T16:30:00+00:00,113.95,114.13000000000001,113.75000000000001,113.94000000000001,851
2026-03-17T16:45:00+00:00,113.94000000000001,114.18,113.85000000000001,114.09,787
2026-03-17T17:00:00+00:00,114.09,114.36000000000001,114.09,114.25000000000001,688
2026-03-17T17:15:00+00:00,114.25000000000001,114.44000000000001,114.10000000000001,114.37,699
2026-03-17T17:30:00+00:00,114.37,114.50000000000001,114.24000000000001,114.35000000000001,720
2026-03-17T17:45:00+00:00,114.35000000000001,114.44000000000001,114.27000000000001,114.36000000000001,618
2026-03-17T18:00:00+00:00,114.36000000000001,114.59,114.22000000000001,114.51,536
2026-03-17T18:15:00+00:00,114.51,114.61000000000001,114.16000000000001,114.18,742
2026-03-17T18:30:00+00:00,114.18,114.56,114.17,114.43,719
2026-03-17T18:45:00+00:00,114.43,114.56,114.34,114.44000000000001,588
2026-03-17T19:00:00+00:00,114.44000000000001,114.47000000000001,114.23,114.43,702
2026-03-17T19:15:00+00:00,114.43,114.43,114.19000000000001,114.28,624
2026-03-17T19:30:00+00:00,114.28,114.4,114.12,114.32000000000001,668
2026-03-17T19:45:00+00:00,114.32000000000001,114.72000000000001,113.85000000000001,114.09,1340
2026-03-18T13:30:00+00:00,114.09,114.49000000000001,113.03,114.32000000000001,1324
2026-03-18T13:45:00+00:00,114.32000000000001,115.80000000000001,114.17,115.80000000000001,1859
2026-03-18T14:00:00+00:00,115.80000000000001,115.85000000000001,114.42,114.44000000000001,1862
2026-03-18T14:15:00+00:00,114.44000000000001,114.65,114.2,114.37,1710
2026-03-18T14:30:00+00:00,114.37,114.69000000000001,114.2,114.35000000000001,1575
2026-03-18T14:45:00+00:00,114.35000000000001,114.87,114.32000000000001,114.87,1793
2026-03-18T15:00:00+00:00,114.87,115.23,114.62,114.82000000000001,1881
2026-03-18T15:15:00+00:00,114.82000000000001,114.95,114.50000000000001,114.72000000000001,1650
2026-03-18T15:30:00+00:00,114.72000000000001,115.17,114.71000000000001,114.95,1353
2026-03-18T15:45:00+00:00,114.95,115.03,114.77000000000001,114.9,1405
2026-03-18T16:00:00+00:00,114.9,115.13000000000001,114.71000000000001,115.11000000000001,1395
2026-03-18T16:15:00+00:00,115.11000000000001,115.23,114.95,114.96000000000001,1327
2026-03-18T16:30:00+00:00,114.96000000000001,115.09,114.64000000000001,115.02000000000001,1242
2026-03-18T16:45:00+00:00,115.02000000000001,115.16000000000001,114.92,115.01,1124
2026-03-18T17:00:00+00:00,115.01,115.06,114.78,114.96000000000001,1142
2026-03-18T17:15:00+00:00,114.96000000000001,115.14000000000001,114.92,115.02000000000001,1007
2026-03-18T17:30:00+00:00,115.02000000000001,115.49000000000001,114.94000000000001,115.25000000000001,1212
2026-03-18T17:45:00+00:00,115.25000000000001,115.35000000000001,114.98,115.34,1329
2026-03-18T18:00:00+00:00,115.34,115.71000000000001,115.29,115.51,1725
2026-03-18T18:15:00+00:00,115.51,115.52000000000001,115.11000000000001,115.46000000000001,1787
2026-03-18T18:30:00+00:00,115.46000000000001,115.77000000000001,115.18,115.32000000000001,2283
2026-03-18T18:45:00+00:00,115.32000000000001,115.32000000000001,114.61000000000001,114.77000000000001,1719
2026-03-18T19:00:00+00:00,114.77000000000001,115.38000000000001,114.7,115.17,1580
2026-03-18T19:15:00+00:00,115.17,115.28,114.71000000000001,114.81,1368
2026-03-18T19:30:00+00:00,114.81,114.98,114.7,114.82000000000001,1428
2026-03-18T19:45:00+00:00,114.82000000000001,115.03,114.74000000000001,114.95,1807
2026-03-19T13:30:00+00:00,114.95,114.95,112.7,114.49000000000001,2156
2026-03-19T13:45:00+00:00,114.49000000000001,115.55000000000001,114.23,115.07000000000001,2179
2026-03-19T14:00:00+00:00,115.07000000000001,115.17,114.15,114.17,1898
2026-03-19T14:15:00+00:00,114.17,114.33000000000001,113.55000000000001,113.82000000000001,1998
2026-03-19T14:30:00+00:00,113.82000000000001,114.78,113.68,114.73,2044
2026-03-19T14:45:00+00:00,114.73,115.28,114.73,115.22000000000001,1923
2026-03-19T15:00:00+00:00,115.22000000000001,115.65,115.17,115.47000000000001,1989
2026-03-19T15:15:00+00:00,115.47000000000001,115.65,115.29,115.46000000000001,1880
2026-03-19T15:30:00+00:00,115.46000000000001,115.73,115.06,115.10000000000001,1999
2026-03-19T15:45:00+00:00,115.10000000000001,115.34,114.89000000000001,115.27000000000001,2149
2026-03-19T16:00:00+00:00,115.27000000000001,115.89000000000001,115.19000000000001,115.43,2051
2026-03-19T16:15:00+00:00,115.43,115.7,115.34,115.36000000000001,1763
2026-03-19T16:30:00+00:00,115.36000000000001,115.93,115.33000000000001,115.80000000000001,1728
2026-03-19T16:45:00+00:00,115.80000000000001,115.87,114.56,115.01,1866
2026-03-19T17:00:00+00:00,115.01,115.18,114.68,114.76,1371
2026-03-19T17:15:00+00:00,114.76,115.62,114.76,115.50000000000001,1361
2026-03-19T17:30:00+00:00,115.50000000000001,115.77000000000001,115.34,115.48,1161
2026-03-19T17:45:00+00:00,115.48,115.66000000000001,115.39000000000001,115.49000000000001,1017
2026-03-19T18:00:00+00:00,115.49000000000001,115.75000000000001,115.31,115.71000000000001,1191
2026-03-19T18:15:00+00:00,115.71000000000001,115.86000000000001,115.45,115.51,968
2026-03-19T18:30:00+00:00,115.51,115.75000000000001,115.12,115.14000000000001,1108
2026-03-19T18:45:00+00:00,115.14000000000001,115.86000000000001,115.04,115.71000000000001,1214
2026-03-19T19:00:00+00:00,115.71000000000001,116.75000000000001,115.64000000000001,116.67,2748
2026-03-19T19:15:00+00:00,116.67,116.9,115.98,116.07000000000001,2238
2026-03-19T19:30:00+00:00,116.07000000000001,116.44000000000001,115.92,116.30000000000001,1898
2026-03-19T19:45:00+00:00,116.30000000000001,116.44000000000001,115.96000000000001,116.25000000000001,2267
2026-03-20T13:30:00+00:00,116.25000000000001,117.27000000000001,115.38000000000001,116.75000000000001,1357
2026-03-20T13:45:00+00:00,116.75000000000001,116.93,115.87,116.06,1636
2026-03-20T14:00:00+00:00,116.06,116.95,115.80000000000001,115.89000000000001,1683
2026-03-20T14:15:00+00:00,115.89000000000001,116.08000000000001,115.51,115.55000000000001,1436
2026-03-20T14:30:00+00:00,115.55000000000001,116.41000000000001,115.49000000000001,116.09,1218
2026-03-20T14:45:00+00:00,116.09,116.36000000000001,115.54,115.85000000000001,1130
2026-03-20T15:00:00+00:00,115.85000000000001,116.22000000000001,115.85000000000001,116.14000000000001,971
2026-03-20T15:15:00+00:00,116.14000000000001,116.69000000000001,115.58000000000001,115.72000000000001,1220
2026-03-20T15:30:00+00:00,115.72000000000001,116.52000000000001,115.66000000000001,116.38000000000001,1077
2026-03-20T15:45:00+00:00,116.38000000000001,116.66000000000001,116.18,116.33000000000001,1126
2026-03-20T16:00:00+00:00,116.33000000000001,116.80000000000001,116.27000000000001,116.59,1227
2026-03-20T16:15:00+00:00,116.59,117.03,116.48,116.86000000000001,1358
2026-03-20T16:30:00+00:00,116.86000000000001,117.06,116.51,116.97000000000001,1270
2026-03-20T16:45:00+00:00,116.97000000000001,117.34,116.9,117.23,1100
2026-03-20T17:00:00+00:00,117.23,117.56,116.96000000000001,116.98,1479
2026-03-20T17:15:00+00:00,116.98,117.34,116.80000000000001,117.04,1089
2026-03-20T17:30:00+00:00,117.04,117.12,116.58000000000001,116.86000000000001,1190
2026-03-20T17:45:00+00:00,116.86000000000001,117.04,116.63000000000001,116.93,1059
2026-03-20T18:00:00+00:00,116.93,116.99000000000001,116.61000000000001,116.7,1126
2026-03-20T18:15:00+00:00,116.7,116.74000000000001,116.10000000000001,116.17,1627
2026-03-20T18:30:00+00:00,116.17,116.24000000000001,115.74000000000001,115.87,1220
2026-03-20T18:45:00+00:00,115.87,116.16000000000001,115.74000000000001,116.08000000000001,1190
2026-03-20T19:00:00+00:00,116.08000000000001,116.30000000000001,115.88000000000001,116.00000000000001,1379
2026-03-20T19:15:00+00:00,116.00000000000001,116.11000000000001,115.79,115.89000000000001,1343
2026-03-20T19:30:00+00:00,115.89000000000001,115.96000000000001,115.16000000000001,115.68,1745
2026-03-20T19:45:00+00:00,115.68,116.23,115.15,115.91000000000001,2625
2026-03-23T13:30:00+00:00,115.91000000000001,119.68,115.91000000000001,119.2,2044
2026-03-23T13:45:00+00:00,119.2,119.2,118.01,118.7,2498
2026-03-23T14:00:00+00:00,118.7,119.15,118.35000000000001,118.47000000000001,2527
2026-03-23T14:15:00+00:00,118.47000000000001,119.10000000000001,118.44000000000001,118.61000000000001,1765
2026-03-23T14:30:00+00:00,118.61000000000001,119.01,118.39000000000001,118.68,1723
2026-03-23T14:45:00+00:00,118.68,119.12,118.56,119.12,1874
2026-03-23T15:00:00+00:00,119.12,119.67,119.00000000000001,119.44000000000001,2084
2026-03-23T15:15:00+00:00,119.44000000000001,119.66000000000001,119.21000000000001,119.33000000000001,1985
2026-03-23T15:30:00+00:00,119.33000000000001,119.50000000000001,118.35000000000001,118.63000000000001,2062
2026-03-23T15:45:00+00:00,118.63000000000001,118.7,117.71000000000001,117.83000000000001,2730
2026-03-23T16:00:00+00:00,117.83000000000001,118.18,117.7,117.92,2165
2026-03-23T16:15:00+00:00,117.92,117.99000000000001,117.35000000000001,117.39000000000001,1599
2026-03-23T16:30:00+00:00,117.39000000000001,117.98,117.28,117.69000000000001,1828
2026-03-23T16:45:00+00:00,117.69000000000001,118.04,117.63000000000001,117.86000000000001,1614
2026-03-23T17:00:00+00:00,117.86000000000001,118.07000000000001,117.51,117.94000000000001,1492
2026-03-23T17:15:00+00:00,117.94000000000001,118.01,117.55000000000001,117.87,1361
2026-03-23T17:30:00+00:00,117.87,118.7,117.82000000000001,118.30000000000001,1673
2026-03-23T17:45:00+00:00,118.30000000000001,118.72000000000001,118.24000000000001,118.69000000000001,1217
2026-03-23T18:00:00+00:00,118.69000000000001,118.7,118.16000000000001,118.51,1725
2026-03-23T18:15:00+00:00,118.51,118.57000000000001,118.31,118.42,1281
2026-03-23T18:30:00+00:00,118.42,118.87,118.39000000000001,118.60000000000001,1520
2026-03-23T18:45:00+00:00,118.60000000000001,118.69000000000001,118.37,118.63000000000001,1120
2026-03-23T19:00:00+00:00,118.63000000000001,118.65,118.30000000000001,118.36000000000001,841
2026-03-23T19:15:00+00:00,118.36000000000001,118.4,117.97000000000001,118.01,1116
2026-03-23T19:30:00+00:00,118.01,118.38000000000001,117.82000000000001,118.35000000000001,1268
2026-03-23T19:45:00+00:00,118.35000000000001,118.46000000000001,117.83000000000001,118.02000000000001,1928
2026-03-24T13:30:00+00:00,118.02000000000001,118.02000000000001,115.74000000000001,117.30000000000001,1139
2026-03-24T13:45:00+00:00,117.30000000000001,117.62,116.76,117.26,1226
2026-03-24T14:00:00+00:00,117.26,118.09,117.11000000000001,118.02000000000001,1260
2026-03-24T14:15:00+00:00,118.02000000000001,118.2,117.51,118.04,1309
2026-03-24T14:30:00+00:00,118.04,118.58000000000001,117.97000000000001,118.55000000000001,1192
2026-03-24T14:45:00+00:00,118.55000000000001,119.67,118.16000000000001,119.44000000000001,1914
2026-03-24T15:00:00+00:00,119.44000000000001,120.22000000000001,119.44000000000001,120.00000000000001,1176
2026-03-24T15:15:00+00:00,120.00000000000001,120.68,120.00000000000001,120.42,1476
2026-03-24T15:30:00+00:00,120.42,120.97000000000001,120.4,120.72000000000001,1200
2026-03-24T15:45:00+00:00,120.72000000000001,121.13000000000001,120.36000000000001,120.45,1183
2026-03-24T16:00:00+00:00,120.45,120.54,120.15,120.36000000000001,1054
2026-03-24T16:15:00+00:00,120.36000000000001,120.65,120.24000000000001,120.28,825
2026-03-24T16:30:00+00:00,120.28,120.69000000000001,120.06,120.48,922
2026-03-24T16:45:00+00:00,120.48,120.53,120.14000000000001,120.33000000000001,847
2026-03-24T17:00:00+00:00,120.33000000000001,120.44000000000001,119.59,119.71000000000001,1221
2026-03-24T17:15:00+00:00,119.71000000000001,119.86000000000001,119.63000000000001,119.7,865
2026-03-24T17:30:00+00:00,119.7,119.91000000000001,119.44000000000001,119.51,1130
2026-03-24T17:45:00+00:00,119.51,119.93,119.45,119.83000000000001,1394
2026-03-24T18:00:00+00:00,119.83000000000001,119.99000000000001,119.65,119.82000000000001,801
2026-03-24T18:15:00+00:00,119.82000000000001,120.04,119.68,119.95,1170
2026-03-24T18:30:00+00:00,119.95,120.60000000000001,119.9,120.17,1200
2026-03-24T18:45:00+00:00,120.17,120.43,120.07000000000001,120.22000000000001,815
2026-03-24T19:00:00+00:00,120.22000000000001,120.37,119.91000000000001,120.01,864
2026-03-24T19:15:00+00:00,120.01,120.01,119.79,119.86000000000001,1085
2026-03-24T19:30:00+00:00,119.86000000000001,120.15,119.71000000000001,120.08000000000001,1209
2026-03-24T19:45:00+00:00,120.08000000000001,120.21000000000001,119.86000000000001,120.10000000000001,1484
2026-03-25T13:30:00+00:00,120.10000000000001,122.44000000000001,120.10000000000001,122.06,1097
2026-03-25T13:45:00+00:00,122.06,122.25000000000001,121.02000000000001,121.06,1475
2026-03-25T14:00:00+00:00,121.06,121.57000000000001,120.89000000000001,121.42,1599
2026-03-25T14:15:00+00:00,121.42,121.74000000000001,121.06,121.24000000000001,1395
2026-03-25T14:30:00+00:00,121.24000000000001,121.58000000000001,120.94000000000001,121.22000000000001,1140
2026-03-25T14:45:00+00:00,121.22000000000001,121.56,121.17,121.42,1197
2026-03-25T15:00:00+00:00,121.42,121.63000000000001,120.35000000000001,120.58000000000001,2082
2026-03-25T15:15:00+00:00,120.58000000000001,121.03,119.87,120.99000000000001,2007
2026-03-25T15:30:00+00:00,120.99000000000001,121.21000000000001,120.61000000000001,120.76,1563
2026-03-25T15:45:00+00:00,120.76,120.96000000000001,120.54,120.76,1502
2026-03-25T16:00:00+00:00,120.76,120.80000000000001,120.47000000000001,120.64000000000001,1421
2026-03-25T16:15:00+00:00,120.64000000000001,120.92,120.49000000000001,120.80000000000001,1569
2026-03-25T16:30:00+00:00,120.80000000000001,121.19000000000001,120.72000000000001,121.01,1229
2026-03-25T16:45:00+00:00,121.01,121.08000000000001,120.76,121.00000000000001,1046
2026-03-25T17:00:00+00:00,121.00000000000001,121.15,120.88000000000001,120.97000000000001,1224
2026-03-25T17:15:00+00:00,120.97000000000001,121.00000000000001,120.69000000000001,120.78,1042
2026-03-25T17:30:00+00:00,120.78,121.21000000000001,120.54,121.05000000000001,1106
2026-03-25T17:45:00+00:00,121.05000000000001,121.17,120.73,120.92,1293
2026-03-25T18:00:00+00:00,120.92,121.09,120.84,121.04,1124
2026-03-25T18:15:00+00:00,121.04,121.25000000000001,120.99000000000001,121.00000000000001,843
2026-03-25T18:30:00+00:00,121.00000000000001,121.29,121.00000000000001,121.10000000000001,693
2026-03-25T18:45:00+00:00,121.10000000000001,121.17,120.77000000000001,120.94000000000001,1005
2026-03-25T19:00:00+00:00,120.94000000000001,120.94000000000001,120.61000000000001,120.77000000000001,1088
2026-03-25T19:15:00+00:00,120.77000000000001,121.05000000000001,120.72000000000001,120.98,791
2026-03-25T19:30:00+00:00,120.98,121.13000000000001,120.86000000000001,120.88000000000001,1176
2026-03-25T19:45:00+00:00,120.88000000000001,120.95,120.7,120.85000000000001,1656
2026-03-26T13:30:00+00:00,120.85000000000001,121.04,118.93,121.00000000000001,1024
2026-03-26T13:45:00+00:00,121.00000000000001,121.11000000000001,120.02000000000001,120.39000000000001,1282
2026-03-26T14:00:00+00:00,120.39000000000001,120.57000000000001,119.74000000000001,120.07000000000001,1678
2026-03-26T14:15:00+00:00,120.07000000000001,120.34,119.73,119.78,1460
2026-03-26T14:30:00+00:00,119.78,120.19000000000001,119.63000000000001,119.67,1968
2026-03-26T14:45:00+00:00,119.67,119.76,118.65,118.98,1807
2026-03-26T15:00:00+00:00,118.98,119.46000000000001,118.79,119.23,1458
2026-03-26T15:15:00+00:00,119.23,119.45,119.11000000000001,119.13000000000001,1342
2026-03-26T15:30:00+00:00,119.13000000000001,119.13000000000001,118.74000000000001,118.91000000000001,1097
2026-03-26T15:45:00+00:00,118.91000000000001,119.46000000000001,118.91000000000001,119.4,1401
2026-03-26T16:00:00+00:00,119.4,119.59,119.29,119.38000000000001,1200
2026-03-26T16:15:00+00:00,119.38000000000001,119.38000000000001,118.22000000000001,118.30000000000001,1594
2026-03-26T16:30:00+00:00,118.30000000000001,118.79,118.28,118.71000000000001,1119
2026-03-26T16:45:00+00:00,118.71000000000001,118.76,118.45,118.59,985
2026-03-26T17:00:00+00:00,118.59,118.73,118.37,118.37,868
2026-03-26T17:15:00+00:00,118.37,118.53,117.9,118.09,957
2026-03-26T17:30:00+00:00,118.09,118.55000000000001,118.06,118.4,779
2026-03-26T17:45:00+00:00,118.4,118.43,118.09,118.2,917
2026-03-26T18:00:00+00:00,118.2,118.57000000000001,118.16000000000001,118.42,897
2026-03-26T18:15:00+00:00,118.42,118.65,118.29,118.51,863
2026-03-26T18:30:00+00:00,118.51,118.98,118.51,118.92,685
2026-03-26T18:45:00+00:00,118.92,119.03,118.82000000000001,118.92,651
2026-03-26T19:00:00+00:00,118.92,118.97000000000001,118.55000000000001,118.71000000000001,1022
2026-03-26T19:15:00+00:00,118.71000000000001,118.78,118.53,118.62,773
2026-03-26T19:30:00+00:00,118.62,119.02000000000001,118.45,118.77000000000001,1074
2026-03-26T19:45:00+00:00,118.77000000000001,118.93,118.42,118.71000000000001,1371
2026-03-27T13:30:00+00:00,118.71000000000001,118.71000000000001,115.82000000000001,117.17,1055
2026-03-27T13:45:00+00:00,117.17,118.18,116.45,116.74000000000001,1304
2026-03-27T14:00:00+00:00,116.74000000000001,117.06,115.59,116.55000000000001,1531
2026-03-27T14:15:00+00:00,116.55000000000001,117.13000000000001,116.50000000000001,116.76,1135
2026-03-27T14:30:00+00:00,116.76,117.2,116.64000000000001,116.92,1042
2026-03-27T14:45:00+00:00,116.92,117.27000000000001,116.46000000000001,116.99000000000001,1145
2026-03-27T15:00:00+00:00,116.99000000000001,117.48,116.78,116.96000000000001,1240
2026-03-27T15:15:00+00:00,116.96000000000001,117.47000000000001,116.77000000000001,117.21000000000001,1243
2026-03-27T15:30:00+00:00,117.21000000000001,117.67,117.14000000000001,117.46000000000001,1103
2026-03-27T15:45:00+00:00,117.46000000000001,117.55000000000001,114.85000000000001,115.64000000000001,1296
2026-03-27T16:00:00+00:00,115.64000000000001,115.84,113.36000000000001,114.85000000000001,1678
2026-03-27T16:15:00+00:00,114.85000000000001,115.25000000000001,113.83000000000001,114.61000000000001,1396
2026-03-27T16:30:00+00:00,114.61000000000001,115.23,114.24000000000001,114.98,1167
2026-03-27T16:45:00+00:00,114.98,115.36000000000001,114.85000000000001,115.06,1195
2026-03-27T17:00:00+00:00,115.06,115.46000000000001,114.9,115.10000000000001,1523
2026-03-27T17:15:00+00:00,115.10000000000001,115.30000000000001,114.31,114.33000000000001,1372
2026-03-27T17:30:00+00:00,114.33000000000001,114.63000000000001,114.13000000000001,114.25000000000001,1474.6692635874606
2026-03-27T17:45:00+00:00,114.25000000000001,114.44000000000001,113.98000000000002,114.15000000000002,1302
2026-03-27T18:00:00+00:00,114.15000000000002,114.19000000000001,113.64000000000001,113.89000000000001,1038
2026-03-27T18:15:00+00:00,113.89000000000001,114.33000000000001,113.82000000000001,114.01000000000002,1080
2026-03-27T18:30:00+00:00,114.01000000000002,114.66000000000001,113.96000000000001,114.34000000000002,1059
2026-03-27T18:45:00+00:00,114.34000000000002,114.55000000000001,114.22000000000001,114.42000000000002,812
2026-03-27T19:00:00+00:00,114.42000000000002,114.57000000000001,113.85000000000001,114.05000000000001,1084
2026-03-27T19:15:00+00:00,114.05000000000001,114.25000000000001,113.73000000000002,113.80000000000001,1094
2026-03-27T19:30:00+00:00,113.80000000000001,114.01000000000002,113.58000000000001,113.68,1258
2026-03-27T19:45:00+00:00,113.68,113.80000000000001,113.30000000000001,113.69000000000001,1889
2026-03-30T13:30:00+00:00,113.69000000000001,115.72000000000001,113.69000000000001,114.48000000000002,1043
2026-03-30T13:45:00+00:00,114.48000000000002,114.73000000000002,113.68,114.12000000000002,1307
2026-03-30T14:00:00+00:00,114.12000000000002,114.66000000000001,114.01000000000002,114.30000000000001,1526
2026-03-30T14:15:00+00:00,114.30000000000001,114.64000000000001,113.89000000000001,114.53000000000002,1161
2026-03-30T14:30:00+00:00,114.53000000000002,114.72000000000001,113.75000000000001,113.85000000000001,1388
2026-03-30T14:45:00+00:00,113.85000000000001,114.80000000000001,113.46000000000001,114.77000000000001,1685
2026-03-30T15:00:00+00:00,114.77000000000001,115.17000000000002,114.69000000000001,114.92000000000002,1785
2026-03-30T15:15:00+00:00,114.92000000000002,115.34000000000002,114.76000000000002,115.14000000000001,1775
2026-03-30T15:30:00+00:00,115.14000000000001,115.60000000000001,115.00000000000001,115.35000000000001,1838
2026-03-30T15:45:00+00:00,115.35000000000001,115.49000000000001,115.14000000000001,115.24000000000001,1379
2026-03-30T16:00:00+00:00,115.24000000000001,115.27000000000001,114.77000000000001,114.96000000000001,1321
2026-03-30T16:15:00+00:00,114.96000000000001,115.03000000000002,114.78000000000002,114.89000000000001,1231
2026-03-30T16:30:00+00:00,114.89000000000001,114.99000000000001,114.51000000000002,114.60000000000001,1178
2026-03-30T16:45:00+00:00,114.60000000000001,114.64000000000001,114.43,114.49000000000001,1235
2026-03-30T17:00:00+00:00,114.49000000000001,114.61000000000001,114.28000000000002,114.33000000000001,1227
2026-03-30T17:15:00+00:00,114.33000000000001,114.41000000000001,113.75000000000001,114.03000000000002,1366
2026-03-30T17:30:00+00:00,114.03000000000002,114.14000000000001,113.71000000000001,114.08000000000001,1436
2026-03-30T17:45:00+00:00,114.08000000000001,114.12000000000002,113.82000000000001,113.98000000000002,1258
2026-03-30T18:00:00+00:00,113.98000000000002,114.11000000000001,113.76000000000002,114.03000000000002,1086
2026-03-30T18:15:00+00:00,114.03000000000002,114.06000000000002,113.65000000000002,113.68,1036
2026-03-30T18:30:00+00:00,113.68,113.93,113.49000000000001,113.75000000000001,917
2026-03-30T18:45:00+00:00,113.75000000000001,113.86000000000001,113.58000000000001,113.74000000000001,1139
2026-03-30T19:00:00+00:00,113.74000000000001,113.79,112.88000000000001,113.00000000000001,1128
2026-03-30T19:15:00+00:00,113.00000000000001,113.27000000000001,112.89000000000001,113.04,926
2026-03-30T19:30:00+00:00,113.04,113.37000000000002,112.87000000000002,113.30000000000001,1334
2026-03-30T19:45:00+00:00,113.30000000000001,113.67000000000002,113.13000000000001,113.62000000000002,1768
2026-03-31T13:30:00+00:00,113.62000000000002,116.59000000000002,113.62000000000002,116.20000000000002,1611
2026-03-31T13:45:00+00:00,116.20000000000002,117.82000000000001,116.18,117.80000000000001,1927
2026-03-31T14:00:00+00:00,117.80000000000001,118.17000000000002,116.78000000000002,117.03000000000002,1877
2026-03-31T14:15:00+00:00,117.03000000000002,117.37000000000002,116.48000000000002,117.28000000000002,1629
2026-03-31T14:30:00+00:00,117.28000000000002,117.50000000000001,116.16000000000001,116.31000000000002,1962
2026-03-31T14:45:00+00:00,116.31000000000002,116.38000000000001,116.05000000000001,116.32000000000001,1460
2026-03-31T15:00:00+00:00,116.32000000000001,117.33000000000001,116.25000000000001,116.94000000000001,1781
2026-03-31T15:15:00+00:00,116.94000000000001,117.13000000000001,116.62000000000002,116.74000000000001,1331
2026-03-31T15:30:00+00:00,116.74000000000001,117.17000000000002,116.63000000000001,116.83000000000001,1289
2026-03-31T15:45:00+00:00,116.83000000000001,117.01000000000002,116.57000000000001,116.67000000000002,1297
2026-03-31T16:00:00+00:00,116.67000000000002,117.02000000000001,116.53000000000002,116.76000000000002,1332
2026-03-31T16:15:00+00:00,116.76000000000002,117.30000000000001,116.73000000000002,117.15000000000002,1407
2026-03-31T16:30:00+00:00,117.15000000000002,119.03000000000002,117.01000000000002,118.50000000000001,2445
2026-03-31T16:45:00+00:00,118.50000000000001,118.69000000000001,117.78000000000002,118.42000000000002,1456
2026-03-31T17:00:00+00:00,118.42000000000002,119.02000000000001,118.36000000000001,118.71000000000001,1472
2026-03-31T17:15:00+00:00,118.71000000000001,119.01000000000002,118.57000000000001,118.72000000000001,1218
2026-03-31T17:30:00+00:00,118.72000000000001,119.29,118.37000000000002,118.73000000000002,1429
2026-03-31T17:45:00+00:00,118.73000000000002,119.06000000000002,118.70000000000002,118.82000000000001,1292
2026-03-31T18:00:00+00:00,118.82000000000001,119.38000000000001,118.78000000000002,119.33000000000001,1340
2026-03-31T18:15:00+00:00,119.33000000000001,119.54,119.19000000000001,119.37000000000002,1312
2026-03-31T18:30:00+00:00,119.37000000000002,119.73000000000002,119.24000000000001,119.47000000000001,1116
2026-03-31T18:45:00+00:00,119.47000000000001,119.90000000000002,119.39000000000001,119.85000000000001,1126
2026-03-31T19:00:00+00:00,119.85000000000001,120.03000000000002,119.45000000000002,119.59000000000002,941
2026-03-31T19:15:00+00:00,119.59000000000002,119.73000000000002,119.21000000000001,119.23000000000002,1155
2026-03-31T19:30:00+00:00,119.23000000000002,119.81000000000002,119.22000000000001,119.64000000000001,1430
2026-03-31T19:45:00+00:00,119.64000000000001,120.11000000000001,119.47000000000001,119.78000000000002,2022
2026-04-01T13:30:00+00:00,119.78000000000002,122.94000000000001,119.78000000000002,121.54,1098
2026-04-01T13:45:00+00:00,121.54,122.22000000000001,120.67000000000002,122.14000000000001,1095
2026-04-01T14:00:00+00:00,122.14000000000001,122.62000000000002,121.96000000000001,122.25000000000001,987
2026-04-01T14:15:00+00:00,122.25000000000001,122.43,120.47000000000001,121.14000000000001,1114
2026-04-01T14:30:00+00:00,121.14000000000001,121.59000000000002,120.41000000000001,121.46000000000001,887
2026-04-01T14:45:00+00:00,121.46000000000001,122.14000000000001,121.29,121.96000000000001,601
2026-04-01T15:00:00+00:00,121.96000000000001,122.17000000000002,121.72000000000001,121.92000000000002,614
2026-04-01T15:15:00+00:00,121.92000000000002,122.18,121.79,121.94000000000001,525
2026-04-01T15:30:00+00:00,121.94000000000001,122.42000000000002,121.80000000000001,122.20000000000002,728
2026-04-01T15:45:00+00:00,122.20000000000002,122.38000000000001,122.02000000000001,122.29,619
2026-04-01T16:00:00+00:00,122.29,122.46000000000001,122.15000000000002,122.21000000000001,790
2026-04-01T16:15:00+00:00,122.21000000000001,122.31000000000002,121.93,122.01000000000002,676
2026-04-01T16:30:00+00:00,122.01000000000002,122.22000000000001,121.85000000000001,121.95000000000002,615
2026-04-01T16:45:00+00:00,121.95000000000002,122.14000000000001,121.89000000000001,122.14000000000001,520
2026-04-01T17:00:00+00:00,122.14000000000001,122.14000000000001,121.91000000000001,121.95000000000002,730
2026-04-01T17:15:00+00:00,121.95000000000002,122.03000000000002,121.85000000000001,121.95000000000002,481
2026-04-01T17:30:00+00:00,121.95000000000002,122.06,121.84,121.88000000000001,611.8408896492729
2026-04-01T17:45:00+00:00,121.88000000000001,122,121.8,121.93,825
2026-04-01T18:00:00+00:00,121.93,121.96000000000001,121.42,121.42,884
2026-04-01T18:15:00+00:00,121.42,121.5,120.86,121.08,768
2026-04-01T18:30:00+00:00,121.08,121.37,120.86,121.15,833
2026-04-01T18:45:00+00:00,121.15,121.23,120.97,121.13000000000001,685
2026-04-01T19:00:00+00:00,121.13000000000001,121.3,121.05,121.21000000000001,546
2026-04-01T19:15:00+00:00,121.21000000000001,121.69,121.19,121.62,726
2026-04-01T19:30:00+00:00,121.62,121.89,121.57000000000001,121.73,860
2026-04-01T19:45:00+00:00,121.73,121.83,121.51,121.73,1398
2026-04-02T13:30:00+00:00,121.73,121.73,117.8,118.21000000000001,623
2026-04-02T13:45:00+00:00,118.21000000000001,120,118.21000000000001,119.99000000000001,836
2026-04-02T14:00:00+00:00,119.99000000000001,120.08,119.38000000000001,119.66000000000001,797
2026-04-02T14:15:00+00:00,119.66000000000001,120.09,119.45,119.94,737
2026-04-02T14:30:00+00:00,119.94,121.88000000000001,119.87,121.09,854
2026-04-02T14:45:00+00:00,121.09,121.31,120.67,121.07000000000001,797
2026-04-02T15:00:00+00:00,121.07000000000001,121.21000000000001,120.5,120.97,713
2026-04-02T15:15:00+00:00,120.97,121.13000000000001,120.53,120.87,807
2026-04-02T15:30:00+00:00,120.87,121.04,120.55,120.9,943
2026-04-02T15:45:00+00:00,120.9,121.08,120.45,120.82000000000001,1037
2026-04-02T16:00:00+00:00,120.82000000000001,120.96000000000001,120.49000000000001,120.54,825
2026-04-02T16:15:00+00:00,120.54,120.61,120.31,120.38000000000001,844
2026-04-02T16:30:00+00:00,120.38000000000001,120.93,120.32000000000001,120.79,765
2026-04-02T16:45:00+00:00,120.79,120.91000000000001,120.54,120.55,677
2026-04-02T17:00:00+00:00,120.55,120.96000000000001,120.44,120.89,636
2026-04-02T17:15:00+00:00,120.89,121.15,120.79,121.07000000000001,609
2026-04-02T17:30:00+00:00,121.07000000000001,121.17,120.85000000000001,120.98,637
2026-04-02T17:45:00+00:00,120.98,121.02000000000001,120.62,120.82000000000001,628
2026-04-02T18:00:00+00:00,120.82000000000001,120.96000000000001,120.71000000000001,120.93,535
2026-04-02T18:15:00+00:00,120.93,121.15,120.81,121.09,597
2026-04-02T18:30:00+00:00,121.09,121.34,121.02000000000001,121.2,615
2026-04-02T18:45:00+00:00,121.2,121.43,121.16000000000001,121.16000000000001,632
2026-04-02T19:00:00+00:00,121.16000000000001,121.38000000000001,121.12,121.24000000000001,560
2026-04-02T19:15:00+00:00,121.24000000000001,121.32000000000001,121.12,121.26,638
2026-04-02T19:30:00+00:00,121.26,121.34,121.12,121.18,562
2026-04-02T19:45:00+00:00,121.18,121.68,121.18,121.63000000000001,1109
2026-04-06T13:30:00+00:00,121.63000000000001,124.01,121.63000000000001,123.39,939
2026-04-06T13:45:00+00:00,123.39,123.68,122.7,122.98,967
2026-04-06T14:00:00+00:00,122.98,123.42,122.44,123.25,915
2026-04-06T14:15:00+00:00,123.25,123.4,122.87,123.25,474
2026-04-06T14:30:00+00:00,123.25,123.45,122.73,122.84,769
2026-04-06T14:45:00+00:00,122.84,123.01,122.54,122.9,743
2026-04-06T15:00:00+00:00,122.9,123.02000000000001,122.58,122.99000000000001,711
2026-04-06T15:15:00+00:00,122.99000000000001,123.04,122.78,122.87,565
2026-04-06T15:30:00+00:00,122.87,122.98,122.66000000000001,122.82000000000001,601
2026-04-06T15:45:00+00:00,122.82000000000001,123.04,122.76,122.92,435
2026-04-06T16:00:00+00:00,122.92,123.16000000000001,122.89,123.08,502
2026-04-06T16:15:00+00:00,123.08,123.17,123.01,123.05,327
2026-04-06T16:30:00+00:00,123.05,123.22,123.02000000000001,123.18,391
2026-04-06T16:45:00+00:00,123.18,123.22,122.9,123.09,417
2026-04-06T17:00:00+00:00,123.09,123.11,122.53,122.71000000000001,674
2026-04-06T17:15:00+00:00,122.71000000000001,122.98,122.60000000000001,122.88000000000001,527
2026-04-06T17:30:00+00:00,122.88000000000001,123.05,122.75,122.83,494
2026-04-06T17:45:00+00:00,122.83,122.83,122.63000000000001,122.73,509
2026-04-06T18:00:00+00:00,122.73,123.36,122.71000000000001,123.14,611
2026-04-06T18:15:00+00:00,123.14,123.39,123.08,123.24000000000001,600
2026-04-06T18:30:00+00:00,123.24000000000001,123.41000000000001,122.91000000000001,122.99000000000001,439
2026-04-06T18:45:00+00:00,122.99000000000001,123.12,122.89,122.99000000000001,414
2026-04-06T19:00:00+00:00,122.99000000000001,123.25,122.96000000000001,123.24000000000001,436
2026-04-06T19:15:00+00:00,123.24000000000001,123.26,123.01,123.03,425
2026-04-06T19:30:00+00:00,123.03,123.31,122.98,123.28,550
2026-04-06T19:45:00+00:00,123.28,123.73,123.26,123.69,875
2026-04-07T13:30:00+00:00,123.69,123.69,122.24000000000001,122.36,648
2026-04-07T13:45:00+00:00,122.36,123.42,122.36,122.84,1076
2026-04-07T14:00:00+00:00,122.84,122.98,122.16000000000001,122.54,1131
2026-04-07T14:15:00+00:00,122.54,123.21000000000001,122.35000000000001,123.17,996
2026-04-07T14:30:00+00:00,123.17,123.35000000000001,123,123.08,782
2026-04-07T14:45:00+00:00,123.08,123.47,122.78,122.86,794
2026-04-07T15:00:00+00:00,122.86,122.87,122.10000000000001,122.31,1043
2026-04-07T15:15:00+00:00,122.31,122.72,122.24000000000001,122.65,1141
2026-04-07T15:30:00+00:00,122.65,122.73,122.41000000000001,122.43,739
2026-04-07T15:45:00+00:00,122.43,122.76,122.25,122.61,992
2026-04-07T16:00:00+00:00,122.61,123.43,122.59,122.85000000000001,1042
2026-04-07T16:15:00+00:00,122.85000000000001,123.14,122.67,122.87,813
2026-04-07T16:30:00+00:00,122.87,123,122.66000000000001,122.85000000000001,717
2026-04-07T16:45:00+00:00,122.85000000000001,123.29,122.85000000000001,123.02000000000001,774
2026-04-07T17:00:00+00:00,123.02000000000001,123.14,122.87,123.03,810
2026-04-07T17:15:00+00:00,123.03,123.13000000000001,122.87,123.06,606
2026-04-07T17:30:00+00:00,123.06,123.59,122.99000000000001,123.25,1070
2026-04-07T17:45:00+00:00,123.25,123.5,123.16000000000001,123.4,763
2026-04-07T18:00:00+00:00,123.4,123.52000000000001,123.25,123.37,631
2026-04-07T18:15:00+00:00,123.37,123.59,123.3,123.39,597
2026-04-07T18:30:00+00:00,123.39,123.47,122.83,122.91000000000001,674
2026-04-07T18:45:00+00:00,122.91000000000001,122.99000000000001,122.57000000000001,122.72,699
2026-04-07T19:00:00+00:00,122.72,122.94,122.65,122.93,864
2026-04-07T19:15:00+00:00,122.93,123.7,122.86,123.44,1258
2026-04-07T19:30:00+00:00,123.44,123.56,123.29,123.45,1045
2026-04-07T19:45:00+00:00,123.45,124.05,123.11,123.47,2069
2026-04-08T13:30:00+00:00,123.47,130.77000000000004,123.47,130.19000000000003,1744
2026-04-08T13:45:00+00:00,130.19000000000003,130.79000000000002,129.7600000000001,130.10000000000008,1790
2026-04-08T14:00:00+00:00,130.10000000000008,130.19000000000005,129.16000000000008,129.47000000000006,1303
2026-04-08T14:15:00+00:00,129.47000000000006,129.7400000000001,129.2000000000001,129.3800000000001,1118
2026-04-08T14:30:00+00:00,129.3800000000001,129.6100000000001,128.5000000000001,128.58000000000013,1188
2026-04-08T14:45:00+00:00,128.58000000000013,128.67000000000013,128.14000000000019,128.29000000000016,1059.3585219015986
2026-04-08T15:00:00+00:00,128.29000000000016,128.61000000000018,128.0800000000002,128.2700000000002,940
2026-04-08T15:15:00+00:00,128.2700000000002,128.57000000000022,128.0700000000002,128.35000000000016,966
2026-04-08T15:30:00+00:00,128.35000000000016,129.08000000000015,128.33000000000015,128.99000000000012,904
2026-04-08T15:45:00+00:00,128.99000000000012,129.33000000000015,128.8900000000001,129.2800000000002,775
2026-04-08T16:00:00+00:00,129.2800000000002,129.5300000000002,129.26000000000022,129.4000000000002,700
2026-04-08T16:15:00+00:00,129.4000000000002,129.4400000000002,129.26000000000022,129.34000000000017,604
2026-04-08T16:30:00+00:00,129.34000000000017,129.5500000000002,129.28000000000017,129.4600000000002,608
2026-04-08T16:45:00+00:00,129.4600000000002,129.56000000000023,129.2500000000002,129.4100000000002,604
2026-04-08T17:00:00+00:00,129.4100000000002,129.50000000000023,129.2700000000002,129.41000000000025,784
2026-04-08T17:15:00+00:00,129.41000000000025,129.46000000000026,129.19000000000028,129.34000000000026,845
2026-04-08T17:30:00+00:00,129.34000000000026,129.78000000000026,129.30000000000024,129.78000000000026,1023
2026-04-08T17:45:00+00:00,129.78000000000026,130.1600000000002,129.73000000000025,130.11000000000018,635
2026-04-08T18:00:00+00:00,130.11000000000018,130.5900000000002,130.05000000000018,130.45000000000022,735
2026-04-08T18:15:00+00:00,130.45000000000022,130.5200000000002,129.6600000000002,129.76000000000028,1232
2026-04-08T18:30:00+00:00,129.76000000000028,129.82000000000028,129.37000000000026,129.41000000000025,871
2026-04-08T18:45:00+00:00,129.41000000000025,129.49000000000024,129.01000000000022,129.06000000000023,786
2026-04-08T19:00:00+00:00,129.06000000000023,129.57000000000028,129.0200000000002,129.48000000000025,721
2026-04-08T19:15:00+00:00,129.48000000000025,129.57000000000022,129.16000000000025,129.19000000000025,827
2026-04-08T19:30:00+00:00,129.19000000000025,129.76000000000028,129.19000000000025,129.65000000000026,1177
2026-04-08T19:45:00+00:00,129.65000000000026,129.99000000000015,129.51000000000022,129.92000000000016,1438
2026-04-09T13:30:00+00:00,129.92000000000016,129.92000000000016,128.36000000000016,129.1300000000001,768
2026-04-09T13:45:00+00:00,129.1300000000001,129.8700000000001,129.1300000000001,129.82000000000008,996
2026-04-09T14:00:00+00:00,129.82000000000008,129.8700000000001,129.05000000000007,129.18000000000004,723
2026-04-09T14:15:00+00:00,129.18000000000004,129.36,128.87000000000006,129.36,707
2026-04-09T14:30:00+00:00,129.36,129.45000000000002,129.12,129.35,722
2026-04-09T14:45:00+00:00,129.35,129.51999999999998,129.25,129.41999999999996,778
2026-04-09T15:00:00+00:00,129.41999999999996,129.49999999999994,129.1599999999999,129.46999999999997,755
2026-04-09T15:15:00+00:00,129.46999999999997,129.97999999999996,129.34999999999997,129.97999999999996,669
2026-04-09T15:30:00+00:00,129.97999999999996,130.37999999999994,129.81999999999994,130.20999999999992,1089
2026-04-09T15:45:00+00:00,130.20999999999992,130.52999999999992,130.1599999999999,130.5199999999999,745
2026-04-09T16:00:00+00:00,130.5199999999999,130.9999999999999,130.5099999999999,130.7199999999999,970
2026-04-09T16:15:00+00:00,130.7199999999999,130.99999999999994,130.70999999999992,130.77999999999997,669
2026-04-09T16:30:00+00:00,130.77999999999997,130.81999999999996,130.50999999999993,130.57999999999993,651
2026-04-09T16:45:00+00:00,130.57999999999993,130.6199999999999,130.3799999999999,130.5599999999999,637
2026-04-09T17:00:00+00:00,130.5599999999999,130.87999999999982,130.45999999999987,130.62999999999982,748
2026-04-09T17:15:00+00:00,130.62999999999982,131.0299999999998,130.58999999999983,130.97999999999982,628
2026-04-09T17:30:00+00:00,130.97999999999982,131.20999999999978,130.7699999999998,131.0699999999998,698
2026-04-09T17:45:00+00:00,131.0699999999998,131.24999999999983,130.94999999999982,131.1199999999998,681
2026-04-09T18:00:00+00:00,131.1199999999998,131.1599999999998,130.7199999999998,130.94999999999982,1064
2026-04-09T18:15:00+00:00,130.94999999999982,131.10999999999981,130.8999999999998,131.0299999999998,770
2026-04-09T18:30:00+00:00,131.0299999999998,131.1499999999998,130.94999999999982,131.00999999999982,696
2026-04-09T18:45:00+00:00,131.00999999999982,131.17999999999984,131.00999999999982,131.00999999999982,613
2026-04-09T19:00:00+00:00,131.00999999999982,131.39999999999984,130.99999999999983,131.1699999999998,637
2026-04-09T19:15:00+00:00,131.1699999999998,131.4199999999998,131.0799999999998,131.34999999999977,708
2026-04-09T19:30:00+00:00,131.34999999999977,131.8399999999998,131.33999999999975,131.70999999999978,755
2026-04-09T19:45:00+00:00,131.70999999999978,131.7599999999998,131.16999999999973,131.27999999999975,1161
2026-04-10T13:30:00+00:00,131.27999999999975,131.27999999999975,130.2699999999997,130.4699999999997,753.4333017975403
2026-04-10T13:45:00+00:00,130.4699999999997,130.8399999999997,129.86999999999972,130.80999999999966,1036
2026-04-10T14:00:00+00:00,130.80999999999966,131.01999999999964,130.25999999999965,130.7499999999996,866
2026-04-10T14:15:00+00:00,130.7499999999996,131.22999999999956,130.70999999999958,131.18999999999957,712
2026-04-10T14:30:00+00:00,131.18999999999957,131.29999999999959,130.85999999999956,130.9999999999996,773
2026-04-10T14:45:00+00:00,130.9999999999996,131.3099999999996,130.9099999999996,131.17999999999958,701.404193076548
2026-04-10T15:00:00+00:00,131.17999999999958,131.4999999999996,130.99999999999957,131.3399999999996,684
2026-04-10T15:15:00+00:00,131.3399999999996,131.43999999999954,131.1999999999996,131.28999999999957,586
2026-04-10T15:30:00+00:00,131.28999999999957,131.39999999999958,130.95999999999955,131.02999999999955,705
2026-04-10T15:45:00+00:00,131.02999999999955,131.07999999999953,130.7399999999996,130.85999999999956,572
2026-04-10T16:00:00+00:00,130.85999999999956,130.97999999999956,130.75999999999956,130.87999999999957,645
2026-04-10T16:15:00+00:00,130.87999999999957,131.00999999999956,130.80999999999955,130.80999999999955,656
2026-04-10T16:30:00+00:00,130.80999999999955,130.95999999999958,130.5699999999996,130.6099999999996,508
2026-04-10T16:45:00+00:00,130.6099999999996,130.93999999999963,130.5599999999996,130.83999999999963,399
2026-04-10T17:00:00+00:00,130.83999999999963,130.9499999999996,130.7099999999996,130.9399999999996,425
2026-04-10T17:15:00+00:00,130.9399999999996,131.07999999999961,130.82999999999961,131.01999999999964,393
2026-04-10T17:30:00+00:00,131.01999999999964,131.35999999999962,130.97999999999962,131.23999999999964,481
2026-04-10T17:45:00+00:00,131.23999999999964,131.4299999999996,131.18999999999963,131.4299999999996,481
2026-04-10T18:00:00+00:00,131.4299999999996,131.5699999999996,131.3999999999996,131.5699999999996,471
2026-04-10T18:15:00+00:00,131.5699999999996,131.8199999999996,131.5099999999996,131.6799999999996,533
2026-04-10T18:30:00+00:00,131.6799999999996,131.7699999999996,131.4799999999996,131.53999999999957,377
2026-04-10T18:45:00+00:00,131.53999999999957,131.68999999999954,131.49999999999957,131.67999999999955,336
2026-04-10T19:00:00+00:00,131.67999999999955,131.79999999999956,131.57999999999956,131.70999999999958,474
2026-04-10T19:15:00+00:00,131.70999999999958,131.78999999999957,131.27999999999957,131.2899999999996,589
2026-04-10T19:30:00+00:00,131.2899999999996,131.32999999999953,130.96999999999957,130.97999999999956,767
2026-04-10T19:45:00+00:00,130.97999999999956,131.03999999999957,130.45999999999952,130.73999999999955,1290
2026-04-13T13:30:00+00:00,130.73999999999955,130.73999999999955,128.50999999999954,129.48999999999955,879
2026-04-13T13:45:00+00:00,129.48999999999955,130.33999999999955,129.22999999999956,130.19999999999953,821
2026-04-13T14:00:00+00:00,130.19999999999953,130.40999999999954,129.85999999999956,130.02999999999957,924
2026-04-13T14:15:00+00:00,130.02999999999957,130.3099999999996,129.95999999999958,130.20999999999958,1143
2026-04-13T14:30:00+00:00,130.20999999999958,130.74999999999952,130.1999999999996,130.69999999999953,861
2026-04-13T14:45:00+00:00,130.69999999999953,130.76999999999964,130.4399999999996,130.70999999999964,1001
2026-04-13T15:00:00+00:00,130.70999999999964,130.78999999999962,130.34999999999965,130.42999999999967,1078
2026-04-13T15:15:00+00:00,130.42999999999967,130.58999999999966,130.38999999999965,130.4699999999997,753
2026-04-13T15:30:00+00:00,130.4699999999997,130.73999999999967,130.29999999999967,130.58999999999963,836
2026-04-13T15:45:00+00:00,130.58999999999963,130.7599999999996,130.51999999999964,130.68999999999954,613
2026-04-13T16:00:00+00:00,130.68999999999954,131.14999999999964,130.64999999999955,131.1199999999996,828
2026-04-13T16:15:00+00:00,131.1199999999996,131.4799999999996,131.10999999999962,131.45999999999958,859
2026-04-13T16:30:00+00:00,131.45999999999958,131.71999999999957,131.25999999999956,131.47999999999956,1192
2026-04-13T16:45:00+00:00,131.47999999999956,131.85999999999956,131.42999999999955,131.62999999999954,965
2026-04-13T17:00:00+00:00,131.62999999999954,131.7399999999995,131.53999999999957,131.6599999999995,639
2026-04-13T17:15:00+00:00,131.6599999999995,131.6999999999995,131.51999999999947,131.64999999999947,557
2026-04-13T17:30:00+00:00,131.64999999999947,131.7399999999995,131.51999999999947,131.5999999999995,591
2026-04-13T17:45:00+00:00,131.5999999999995,131.70999999999947,131.5599999999995,131.63999999999947,476
2026-04-13T18:00:00+00:00,131.63999999999947,131.8499999999995,131.62999999999948,131.81999999999948,520
2026-04-13T18:15:00+00:00,131.81999999999948,131.82999999999947,131.64999999999947,131.71999999999943,455
2026-04-13T18:30:00+00:00,131.71999999999943,131.7499999999995,131.64999999999944,131.6899999999995,503
2026-04-13T18:45:00+00:00,131.6899999999995,131.84999999999945,131.64999999999947,131.7699999999994,624
2026-04-13T19:00:00+00:00,131.7699999999994,131.94999999999942,131.7499999999994,131.91999999999942,562
2026-04-13T19:15:00+00:00,131.91999999999942,132.23999999999947,131.87999999999943,132.18999999999946,422
2026-04-13T19:30:00+00:00,132.18999999999946,132.45999999999947,132.10999999999945,132.22999999999945,599
2026-04-13T19:45:00+00:00,132.22999999999945,132.6799999999995,132.01999999999947,132.59999999999948,1790
2026-04-14T13:30:00+00:00,132.59999999999948,136.65999999999948,132.59999999999948,135.06999999999948,1393
2026-04-14T13:45:00+00:00,135.06999999999948,135.31999999999948,133.9299999999995,134.31999999999948,872
2026-04-14T14:00:00+00:00,134.31999999999948,134.60999999999947,133.64999999999952,134.1199999999995,727
2026-04-14T14:15:00+00:00,134.1199999999995,134.1499999999995,133.25999999999942,133.26999999999944,969
2026-04-14T14:30:00+00:00,133.26999999999944,134.0799999999994,133.20999999999944,133.8799999999994,801
2026-04-14T14:45:00+00:00,133.8799999999994,135.2199999999994,133.8799999999994,134.7899999999994,732
2026-04-14T15:00:00+00:00,134.7899999999994,134.95999999999938,134.1599999999994,134.1799999999994,623
2026-04-14T15:15:00+00:00,134.1799999999994,134.73999999999936,134.0299999999994,134.70999999999935,561
2026-04-14T15:30:00+00:00,134.70999999999935,136.97999999999936,134.68999999999937,135.88999999999936,986
2026-04-14T15:45:00+00:00,135.88999999999936,136.38999999999936,135.80999999999938,136.21999999999937,797
2026-04-14T16:00:00+00:00,136.21999999999937,136.35999999999936,135.88999999999936,135.90999999999937,664
2026-04-14T16:15:00+00:00,135.90999999999937,136.37999999999937,135.89999999999935,136.14999999999935,584
2026-04-14T16:30:00+00:00,136.14999999999935,136.59999999999937,136.03999999999937,136.38999999999936,625
2026-04-14T16:45:00+00:00,136.38999999999936,136.49999999999937,136.14999999999935,136.32999999999936,515
2026-04-14T17:00:00+00:00,136.32999999999936,136.65999999999937,136.29999999999936,136.51999999999936,431
2026-04-14T17:15:00+00:00,136.51999999999936,136.79999999999936,136.45999999999935,136.79999999999936,510
2026-04-14T17:30:00+00:00,136.79999999999936,137.31999999999937,136.77999999999938,137.09999999999937,588
2026-04-14T17:45:00+00:00,137.09999999999937,137.21999999999937,136.66999999999936,136.70999999999935,594
2026-04-14T18:00:00+00:00,136.70999999999935,137.24999999999937,136.70999999999935,137.22999999999936,437
2026-04-14T18:15:00+00:00,137.22999999999936,137.25999999999937,136.71999999999937,136.82999999999936,635
2026-04-14T18:30:00+00:00,136.82999999999936,136.90999999999937,136.56999999999937,136.58999999999938,511
2026-04-14T18:45:00+00:00,136.58999999999938,136.83999999999938,136.56999999999937,136.81999999999937,535
2026-04-14T19:00:00+00:00,136.81999999999937,136.93999999999937,136.45999999999935,136.52999999999938,568
2026-04-14T19:15:00+00:00,136.52999999999938,136.53999999999937,135.59999999999937,136.02999999999938,772
2026-04-14T19:30:00+00:00,136.02999999999938,136.13999999999936,135.68999999999937,136.05999999999938,835
2026-04-14T19:45:00+00:00,136.05999999999938,136.09999999999937,135.26999999999936,136.07999999999936,1524
2026-04-15T13:30:00+00:00,136.07999999999936,139.00999999999937,136.07999999999936,137.57999999999936,1170
2026-04-15T13:45:00+00:00,137.57999999999936,138.47999999999936,137.55999999999938,138.01999999999936,1137
2026-04-15T14:00:00+00:00,138.01999999999936,138.12999999999937,136.95999999999935,137.40999999999937,932
2026-04-15T14:15:00+00:00,137.40999999999937,138.26999999999936,137.04999999999936,138.24999999999937,913
2026-04-15T14:30:00+00:00,138.24999999999937,138.86999999999935,138.14999999999935,138.48999999999936,1186
2026-04-15T14:45:00+00:00,138.48999999999936,138.52999999999938,137.49999999999937,137.89999999999938,891.1676646706587
2026-04-15T15:00:00+00:00,137.89999999999938,138.31999999999937,137.81999999999937,138.27999999999938,1019
2026-04-15T15:15:00+00:00,138.27999999999938,138.5499999999994,138.11999999999938,138.12999999999937,978
2026-04-15T15:30:00+00:00,138.12999999999937,138.26999999999938,137.99999999999937,138.17999999999938,763
2026-04-15T15:45:00+00:00,138.17999999999938,138.39999999999938,138.1099999999994,138.15999999999937,1012
2026-04-15T16:00:00+00:00,138.15999999999937,138.25999999999937,137.93999999999937,138.15999999999937,663
2026-04-15T16:15:00+00:00,138.15999999999937,138.3299999999994,137.98999999999938,138.17999999999938,712
2026-04-15T16:30:00+00:00,138.17999999999938,138.34999999999937,137.90999999999937,137.90999999999937,881
2026-04-15T16:45:00+00:00,137.90999999999937,137.98999999999938,137.58999999999938,137.70999999999938,664
2026-04-15T17:00:00+00:00,137.70999999999938,137.92999999999938,137.63999999999936,137.88999999999936,455
2026-04-15T17:15:00+00:00,137.88999999999936,137.96999999999937,137.5499999999994,137.66999999999936,558
2026-04-15T17:30:00+00:00,137.66999999999936,138.02999999999938,137.65999999999937,138.00999999999937,598
2026-04-15T17:45:00+00:00,138.00999999999937,138.12999999999937,137.88999999999936,137.92999999999938,486
2026-04-15T18:00:00+00:00,137.92999999999938,138.19999999999936,137.86999999999938,138.06999999999937,630
2026-04-15T18:15:00+00:00,138.06999999999937,138.17999999999938,137.95999999999938,138.06999999999937,545
2026-04-15T18:30:00+00:00,138.06999999999937,138.11999999999938,137.68999999999937,137.83999999999938,617
2026-04-15T18:45:00+00:00,137.83999999999938,138.23999999999938,137.83999999999938,138.21999999999937,510
2026-04-15T19:00:00+00:00,138.21999999999937,138.3299999999994,138.03999999999937,138.0799999999994,542
2026-04-15T19:15:00+00:00,138.0799999999994,138.43999999999937,138.03999999999937,138.38999999999936,718
2026-04-15T19:30:00+00:00,138.38999999999936,138.5499999999994,138.17999999999938,138.24999999999937,710
2026-04-15T19:45:00+00:00,138.24999999999937,138.58999999999938,137.92999999999938,138.0799999999994,1395
2026-04-16T13:30:00+00:00,138.0799999999994,139.11999999999938,136.94999999999936,138.68999999999937,1026
2026-04-16T13:45:00+00:00,138.68999999999937,138.86999999999938,137.47999999999936,137.80999999999938,1074
2026-04-16T14:00:00+00:00,137.80999999999938,138.00999999999937,137.28999999999937,137.62999999999937,1001
2026-04-16T14:15:00+00:00,137.62999999999937,137.71999999999937,136.89999999999938,137.20999999999938,903
2026-04-16T14:30:00+00:00,137.20999999999938,137.36999999999938,136.76999999999938,136.8599999999994,958
2026-04-16T14:45:00+00:00,136.8599999999994,136.93999999999937,136.47999999999936,136.59999999999937,1144
2026-04-16T15:00:00+00:00,136.59999999999937,136.76999999999938,136.41999999999936,136.73999999999938,895
2026-04-16T15:15:00+00:00,136.73999999999938,136.81999999999937,135.87999999999937,135.89999999999938,916
2026-04-16T15:30:00+00:00,135.89999999999938,136.24999999999937,135.66999999999936,136.13999999999936,1199
2026-04-16T15:45:00+00:00,136.13999999999936,136.71999999999937,136.0499999999994,136.59999999999937,675
2026-04-16T16:00:00+00:00,136.59999999999937,136.77999999999938,136.31999999999937,136.31999999999937,694
2026-04-16T16:15:00+00:00,136.31999999999937,136.5799999999994,136.27999999999938,136.34999999999937,575
2026-04-16T16:30:00+00:00,136.34999999999937,136.38999999999936,135.8599999999994,135.96999999999937,854
2026-04-16T16:45:00+00:00,135.96999999999937,136.11999999999938,135.8299999999994,136.00999999999937,667
2026-04-16T17:00:00+00:00,136.00999999999937,136.03999999999937,135.80999999999938,135.90999999999937,688
2026-04-16T17:15:00+00:00,135.90999999999937,136.01999999999938,135.61999999999938,135.90999999999937,871
2026-04-16T17:30:00+00:00,135.90999999999937,136.19999999999936,135.86999999999938,136.09999999999937,630
2026-04-16T17:45:00+00:00,136.09999999999937,136.1099999999994,135.62999999999937,135.78999999999937,624
2026-04-16T18:00:00+00:00,135.78999999999937,136.11999999999938,135.67999999999938,136.0799999999994,736
2026-04-16T18:15:00+00:00,136.0799999999994,136.17999999999938,135.84999999999937,135.90999999999937,626
2026-04-16T18:30:00+00:00,135.90999999999937,136.21999999999937,135.86999999999938,136.15999999999937,586
2026-04-16T18:45:00+00:00,136.15999999999937,136.23999999999938,135.95999999999938,136.01999999999938,574
2026-04-16T19:00:00+00:00,136.01999999999938,136.21999999999937,135.88999999999936,135.97999999999936,522
2026-04-16T19:15:00+00:00,135.97999999999936,136.11999999999938,135.95999999999938,136.03999999999937,417
2026-04-16T19:30:00+00:00,136.03999999999937,136.26999999999938,135.90999999999937,135.94999999999936,635
2026-04-16T19:45:00+00:00,135.94999999999936,135.99999999999937,135.58999999999938,135.78999999999937,1375
2026-04-17T13:30:00+00:00,135.78999999999937,138.23999999999938,135.78999999999937,138.12999999999937,1250
2026-04-17T13:45:00+00:00,138.12999999999937,138.42999999999938,137.81999999999937,138.11999999999938,1500
2026-04-17T14:00:00+00:00,138.11999999999938,138.3299999999994,137.95999999999938,138.11999999999938,1006
2026-04-17T14:15:00+00:00,138.11999999999938,138.58999999999938,137.94999999999936,138.49999999999937,846
2026-04-17T14:30:00+00:00,138.49999999999937,139.17999999999938,138.48999999999938,138.98999999999938,981
2026-04-17T14:45:00+00:00,138.98999999999938,139.08999999999938,138.4499999999994,138.49999999999937,988.9731903485255
2026-04-17T15:00:00+00:00,138.49999999999937,138.49999999999937,138.2299999999994,138.30999999999938,1029
2026-04-17T15:15:00+00:00,138.30999999999938,138.76999999999938,138.30999999999938,138.6999999999994,796
2026-04-17T15:30:00+00:00,138.6999999999994,139.0999999999994,138.68999999999937,139.01999999999938,806
2026-04-17T15:45:00+00:00,139.01999999999938,139.51999999999938,139.01999999999938,139.37999999999937,895
2026-04-17T16:00:00+00:00,139.37999999999937,139.5999999999994,139.30999999999938,139.33999999999938,857
2026-04-17T16:15:00+00:00,139.33999999999938,139.45999999999938,139.26999999999938,139.37999999999937,668
2026-04-17T16:30:00+00:00,139.37999999999937,139.68999999999937,139.2999999999994,139.65999999999937,528
2026-04-17T16:45:00+00:00,139.65999999999937,139.93999999999937,139.5999999999994,139.7999999999994,585
2026-04-17T17:00:00+00:00,139.7999999999994,139.9199999999994,139.2299999999994,139.33999999999938,1006
2026-04-17T17:15:00+00:00,139.33999999999938,139.36999999999938,138.65999999999937,139.01999999999938,1320
2026-04-17T17:30:00+00:00,139.01999999999938,139.0399999999994,138.65999999999937,138.73999999999938,808
2026-04-17T17:45:00+00:00,138.73999999999938,139.0499999999994,138.7299999999994,138.93999999999937,673
2026-04-17T18:00:00+00:00,138.93999999999937,139.01999999999938,138.73999999999938,138.8299999999994,783
2026-04-17T18:15:00+00:00,138.8299999999994,139.0399999999994,138.6999999999994,138.89999999999938,1119
2026-04-17T18:30:00+00:00,138.89999999999938,138.9799999999994,138.5799999999994,138.6999999999994,594
2026-04-17T18:45:00+00:00,138.6999999999994,138.8199999999994,138.5799999999994,138.65999999999937,561
2026-04-17T19:00:00+00:00,138.65999999999937,138.7299999999994,138.37999999999937,138.39999999999938,522
2026-04-17T19:15:00+00:00,138.39999999999938,138.45999999999938,138.2299999999994,138.24999999999937,520
2026-04-17T19:30:00+00:00,138.24999999999937,138.51999999999938,138.21999999999937,138.3599999999994,738
2026-04-17T19:45:00+00:00,138.3599999999994,138.6099999999994,138.1699999999994,138.58999999999938,1227
2026-04-20T13:30:00+00:00,138.58999999999938,139.5099999999994,137.27999999999938,139.4199999999994,963
2026-04-20T13:45:00+00:00,139.4199999999994,139.77999999999938,138.90999999999937,139.2299999999994,1493
2026-04-20T14:00:00+00:00,139.2299999999994,139.4199999999994,138.96999999999937,139.12999999999937,1120
2026-04-20T14:15:00+00:00,139.12999999999937,139.15999999999937,138.68999999999937,138.7899999999994,1075
2026-04-20T14:30:00+00:00,138.7899999999994,138.8199999999994,138.30999999999938,138.49999999999937,1179
2026-04-20T14:45:00+00:00,138.49999999999937,138.67999999999938,138.0399999999994,138.42999999999938,1650
2026-04-20T15:00:00+00:00,138.42999999999938,138.76999999999938,138.42999999999938,138.68999999999937,1387
2026-04-20T15:15:00+00:00,138.68999999999937,139.08999999999938,138.5399999999994,139.01999999999938,1300
2026-04-20T15:30:00+00:00,139.01999999999938,139.11999999999938,138.77999999999938,138.9499999999994,1230
2026-04-20T15:45:00+00:00,138.9499999999994,139.3299999999994,138.87999999999937,139.18999999999937,1084
2026-04-20T16:00:00+00:00,139.18999999999937,139.18999999999937,138.62999999999937,138.73999999999938,855
2026-04-20T16:15:00+00:00,138.73999999999938,138.77999999999938,138.49999999999937,138.74999999999937,785
2026-04-20T16:30:00+00:00,138.74999999999937,138.95999999999938,138.64999999999938,138.8499999999994,740
2026-04-20T16:45:00+00:00,138.8499999999994,139.01999999999938,138.8199999999994,138.98999999999938,533
2026-04-20T17:00:00+00:00,138.98999999999938,139.3199999999994,138.9499999999994,139.2999999999994,534
2026-04-20T17:15:00+00:00,139.2999999999994,139.3199999999994,139.0799999999994,139.08999999999938,647
2026-04-20T17:30:00+00:00,139.08999999999938,139.1099999999994,138.80999999999938,138.90999999999937,755
2026-04-20T17:45:00+00:00,138.90999999999937,138.92999999999938,138.74999999999937,138.8899999999994,564
2026-04-20T18:00:00+00:00,138.8899999999994,139.0699999999994,138.7899999999994,138.92999999999938,808
2026-04-20T18:15:00+00:00,138.92999999999938,139.21999999999937,138.90999999999937,139.0799999999994,622
2026-04-20T18:30:00+00:00,139.0799999999994,139.1699999999994,138.92999999999938,139.0399999999994,743
2026-04-20T18:45:00+00:00,139.0399999999994,139.2299999999994,139.0399999999994,139.20999999999938,543
2026-04-20T19:00:00+00:00,139.20999999999938,139.33999999999938,139.11999999999938,139.27999999999938,1263
2026-04-20T19:15:00+00:00,139.27999999999938,139.36999999999938,139.20999999999938,139.30999999999938,1179
2026-04-20T19:30:00+00:00,139.30999999999938,139.55999999999938,139.27999999999938,139.33999999999938,1432
2026-04-20T19:45:00+00:00,139.33999999999938,139.49999999999937,139.2599999999994,139.40999999999937,2513
2026-04-21T13:30:00+00:00,139.40999999999937,141.3499999999994,139.40999999999937,141.18999999999937,890
2026-04-21T13:45:00+00:00,141.18999999999937,141.64999999999938,140.8299999999994,140.8499999999994,1438
2026-04-21T14:00:00+00:00,140.8499999999994,141.4799999999994,140.74999999999937,141.3599999999994,1014
2026-04-21T14:15:00+00:00,141.3599999999994,141.3899999999994,141.0399999999994,141.1099999999994,1019
2026-04-21T14:30:00+00:00,141.1099999999994,141.17999999999938,140.5099999999994,140.5499999999994,1043
2026-04-21T14:45:00+00:00,140.5499999999994,140.5799999999994,139.5499999999994,139.62999999999937,1173
2026-04-21T15:00:00+00:00,139.62999999999937,139.80999999999938,138.9199999999994,139.6699999999994,1557
2026-04-21T15:15:00+00:00,139.6699999999994,139.7299999999994,138.98999999999938,139.0799999999994,1057
2026-04-21T15:30:00+00:00,139.0799999999994,139.45999999999938,138.95999999999938,139.0499999999994,989
2026-04-21T15:45:00+00:00,139.0499999999994,139.3299999999994,138.86999999999938,138.95999999999938,764
2026-04-21T16:00:00+00:00,138.95999999999938,139.42999999999938,138.95999999999938,139.21999999999937,908
2026-04-21T16:15:00+00:00,139.21999999999937,139.37999999999937,139.08999999999938,139.2299999999994,485
2026-04-21T16:30:00+00:00,139.2299999999994,139.49999999999937,139.0099999999994,139.12999999999937,826
2026-04-21T16:45:00+00:00,139.12999999999937,139.39999999999938,139.0099999999994,139.02999999999938,821
2026-04-21T17:00:00+00:00,139.02999999999938,139.12999999999937,138.5399999999994,138.76999999999938,1417
2026-04-21T17:15:00+00:00,138.76999999999938,138.83999999999938,138.23999999999938,138.5099999999994,1332
2026-04-21T17:30:00+00:00,138.5099999999994,139.2899999999994,138.39999999999938,139.0699999999994,1730
2026-04-21T17:45:00+00:00,139.0699999999994,139.3199999999994,138.96999999999937,139.18999999999937,949
2026-04-21T18:00:00+00:00,139.18999999999937,139.2599999999994,138.95999999999938,139.08999999999938,971
2026-04-21T18:15:00+00:00,139.08999999999938,139.15999999999937,138.49999999999937,138.62999999999937,1033
2026-04-21T18:30:00+00:00,138.62999999999937,138.92999999999938,138.5499999999994,138.62999999999937,829
2026-04-21T18:45:00+00:00,138.62999999999937,139.18999999999937,138.58999999999938,138.95999999999938,1330
2026-04-21T19:00:00+00:00,138.95999999999938,139.05999999999938,138.7599999999994,138.90999999999937,2008
2026-04-21T19:15:00+00:00,138.90999999999937,139.30999999999938,138.7999999999994,139.1999999999994,2025
2026-04-21T19:30:00+00:00,139.1999999999994,139.2299999999994,137.61999999999938,137.8499999999994,3210
2026-04-21T19:45:00+00:00,137.8499999999994,138.1999999999994,137.6999999999994,138.0499999999994,3992
2026-04-22T13:30:00+00:00,138.0499999999994,138.65999999999937,137.37999999999937,137.76999999999938,471
2026-04-22T13:45:00+00:00,137.76999999999938,138.3499999999994,137.46999999999937,138.2899999999994,951
2026-04-22T14:00:00+00:00,138.2899999999994,138.42999999999938,138.0999999999994,138.26999999999938,1102
2026-04-22T14:15:00+00:00,138.26999999999938,138.2999999999994,137.5999999999994,137.5999999999994,1012
2026-04-22T14:30:00+00:00,137.5999999999994,137.5999999999994,136.86999999999938,136.93999999999937,1500
2026-04-22T14:45:00+00:00,136.93999999999937,137.4799999999994,136.90999999999937,137.14999999999938,1243.3140697932874
2026-04-22T15:00:00+00:00,137.14999999999938,137.37999999999937,136.94999999999936,137.25999999999937,1124
2026-04-22T15:15:00+00:00,137.25999999999937,137.2999999999994,136.99999999999937,137.21999999999937,856
2026-04-22T15:30:00+00:00,137.21999999999937,137.23999999999938,136.72999999999936,136.74999999999937,963
2026-04-22T15:45:00+00:00,136.74999999999937,137.00999999999937,136.70999999999938,136.92999999999938,992
2026-04-22T16:00:00+00:00,136.92999999999938,137.03999999999937,136.77999999999938,136.7999999999994,814
2026-04-22T16:15:00+00:00,136.7999999999994,136.86999999999938,136.62999999999937,136.62999999999937,628
2026-04-22T16:30:00+00:00,136.62999999999937,136.83999999999938,136.45999999999938,136.52999999999938,877
2026-04-22T16:45:00+00:00,136.52999999999938,136.65999999999937,136.30999999999938,136.36999999999938,643
2026-04-22T17:00:00+00:00,136.36999999999938,136.92999999999938,136.33999999999938,136.63999999999936,810
2026-04-22T17:15:00+00:00,136.63999999999936,136.86999999999938,136.42999999999938,136.72999999999936,673
2026-04-22T17:30:00+00:00,136.72999999999936,136.83999999999938,136.59999999999937,136.61999999999938,569
2026-04-22T17:45:00+00:00,136.61999999999938,136.66999999999936,136.3599999999994,136.39999999999938,637
2026-04-22T18:00:00+00:00,136.39999999999938,136.47999999999936,136.17999999999938,136.19999999999936,619
2026-04-22T18:15:00+00:00,136.19999999999936,136.19999999999936,135.94999999999936,136.13999999999936,761
2026-04-22T18:30:00+00:00,136.13999999999936,136.28999999999937,136.0799999999994,136.13999999999936,627
2026-04-22T18:45:00+00:00,136.13999999999936,136.18999999999937,135.90999999999937,136.02999999999938,652
2026-04-22T19:00:00+00:00,136.02999999999938,136.0799999999994,135.83999999999938,135.92999999999938,1481
2026-04-22T19:15:00+00:00,135.92999999999938,136.23999999999938,135.84999999999937,136.22999999999936,1168
2026-04-22T19:30:00+00:00,136.22999999999936,136.23999999999938,135.87999999999937,135.88999999999936,1529
2026-04-22T19:45:00+00:00,135.88999999999936,136.12999999999937,135.76999999999938,136.08999999999938,2332
2026-04-23T13:30:00+00:00,136.08999999999938,136.08999999999938,135.08999999999938,135.55999999999938,411
2026-04-23T13:45:00+00:00,135.55999999999938,135.73999999999938,135.25999999999937,135.50999999999937,718
2026-04-23T14:00:00+00:00,135.50999999999937,135.80999999999938,135.16999999999936,135.69999999999936,939
2026-04-23T14:15:00+00:00,135.69999999999936,136.31999999999937,135.52999999999938,136.01999999999938,1168
2026-04-23T14:30:00+00:00,136.01999999999938,136.34999999999937,135.92999999999938,136.30999999999938,858
2026-04-23T14:45:00+00:00,136.30999999999938,136.33999999999938,135.95999999999938,136.09999999999937,907
2026-04-23T15:00:00+00:00,136.09999999999937,136.21999999999937,135.87999999999937,135.99999999999937,923
2026-04-23T15:15:00+00:00,135.99999999999937,136.16999999999936,135.99999999999937,136.05999999999938,827
2026-04-23T15:30:00+00:00,136.05999999999938,136.09999999999937,135.77999999999938,135.80999999999938,809
2026-04-23T15:45:00+00:00,135.80999999999938,135.94999999999936,135.67999999999938,135.8299999999994,861
2026-04-23T16:00:00+00:00,135.8299999999994,135.8599999999994,135.62999999999937,135.75999999999937,728
2026-04-23T16:15:00+00:00,135.75999999999937,135.78999999999937,135.5799999999994,135.61999999999938,618
2026-04-23T16:30:00+00:00,135.61999999999938,135.68999999999937,135.48999999999938,135.62999999999937,623
2026-04-23T16:45:00+00:00,135.62999999999937,135.77999999999938,135.44999999999936,135.52999999999938,651
2026-04-23T17:00:00+00:00,135.52999999999938,135.56999999999937,134.4199999999994,134.43999999999937,2124
2026-04-23T17:15:00+00:00,134.43999999999937,134.5499999999994,133.87999999999937,133.98999999999938,1862
2026-04-23T17:30:00+00:00,133.98999999999938,134.34999999999937,133.28999999999942,133.4599999999994,1842
2026-04-23T17:45:00+00:00,133.4599999999994,134.48999999999944,133.17999999999944,134.25999999999942,2717
2026-04-23T18:00:00+00:00,134.25999999999942,134.55999999999943,134.1399999999994,134.36999999999938,1339
2026-04-23T18:15:00+00:00,134.36999999999938,134.56999999999934,134.3199999999993,134.48999999999933,1046
2026-04-23T18:30:00+00:00,134.48999999999933,134.5699999999993,134.28999999999934,134.4599999999993,1219
2026-04-23T18:45:00+00:00,134.4599999999993,134.4899999999993,133.9299999999992,134.0699999999992,1211
2026-04-23T19:00:00+00:00,134.0699999999992,134.36999999999918,133.8899999999992,134.33999999999918,2159
2026-04-23T19:15:00+00:00,134.33999999999918,134.40999999999912,134.17999999999915,134.3499999999991,1732
2026-04-23T19:30:00+00:00,134.3499999999991,134.51999999999913,134.0999999999991,134.19999999999914,2601
2026-04-23T19:45:00+00:00,134.19999999999914,134.9299999999991,133.88999999999913,134.81999999999908,3035
2026-04-24T13:30:00+00:00,134.81999999999908,135.32999999999913,133.59999999999908,135.1999999999991,485
2026-04-24T13:45:00+00:00,135.1999999999991,135.24999999999912,134.38999999999908,134.56999999999908,563
2026-04-24T14:00:00+00:00,134.56999999999908,134.70999999999913,134.15999999999917,134.2899999999992,1089
2026-04-24T14:15:00+00:00,134.2899999999992,134.54999999999922,133.92999999999927,134.04999999999927,1133
2026-04-24T14:30:00+00:00,134.04999999999927,134.4399999999993,133.86999999999927,134.35999999999927,1136
2026-04-24T14:45:00+00:00,134.35999999999927,134.5099999999993,134.11999999999927,134.32999999999927,865.3972911963883
2026-04-24T15:00:00+00:00,134.32999999999927,134.55999999999926,134.01999999999924,134.14999999999927,834
2026-04-24T15:15:00+00:00,134.14999999999927,134.34999999999923,134.10999999999925,134.31999999999923,696
2026-04-24T15:30:00+00:00,134.31999999999923,134.7199999999992,134.13999999999925,134.51999999999921,882
2026-04-24T15:45:00+00:00,134.51999999999921,135.10999999999922,134.51999999999921,135.04999999999922,1610
2026-04-24T16:00:00+00:00,135.04999999999922,135.1299999999992,134.7099999999992,134.7499999999992,859
2026-04-24T16:15:00+00:00,134.7499999999992,134.7799999999992,134.38999999999922,134.38999999999922,663
2026-04-24T16:30:00+00:00,134.38999999999922,134.64999999999924,134.2699999999992,134.3899999999992,614
2026-04-24T16:45:00+00:00,134.3899999999992,134.61999999999924,134.29999999999916,134.59999999999923,589
2026-04-24T17:00:00+00:00,134.59999999999923,134.69999999999922,134.4299999999992,134.53999999999922,567
2026-04-24T17:15:00+00:00,134.53999999999922,134.86999999999924,134.43999999999923,134.72999999999922,725
2026-04-24T17:30:00+00:00,134.72999999999922,134.82999999999925,134.62999999999923,134.66999999999922,741
2026-04-24T17:45:00+00:00,134.66999999999922,134.87999999999923,134.55999999999923,134.61999999999924,689
2026-04-24T18:00:00+00:00,134.61999999999924,134.99999999999923,134.56999999999923,134.94999999999922,703
2026-04-24T18:15:00+00:00,134.94999999999922,135.00999999999922,134.63999999999922,134.66999999999922,590
2026-04-24T18:30:00+00:00,134.66999999999922,134.81999999999923,134.56999999999923,134.62999999999923,588
2026-04-24T18:45:00+00:00,134.62999999999923,134.64999999999924,134.3899999999992,134.50999999999917,594
2026-04-24T19:00:00+00:00,134.50999999999917,134.6099999999992,134.29999999999916,134.3299999999992,1198
2026-04-24T19:15:00+00:00,134.3299999999992,134.45999999999918,134.1799999999992,134.33999999999924,1430
2026-04-24T19:30:00+00:00,134.33999999999924,134.51999999999924,134.2599999999992,134.45999999999918,1522
2026-04-24T19:45:00+00:00,134.45999999999918,134.4799999999992,134.12999999999917,134.34999999999917,2105
2026-04-27T13:30:00+00:00,134.34999999999917,135.52999999999918,133.37999999999917,134.64999999999918,814
2026-04-27T13:45:00+00:00,134.64999999999918,134.94999999999916,133.8899999999992,134.29999999999916,1137
2026-04-27T14:00:00+00:00,134.29999999999916,135.01999999999916,134.20999999999916,134.71999999999915,1517
2026-04-27T14:15:00+00:00,134.71999999999915,135.01999999999916,134.65999999999914,134.72999999999914,1226
2026-04-27T14:30:00+00:00,134.72999999999914,135.24999999999915,134.65999999999914,135.17999999999915,1117
2026-04-27T14:45:00+00:00,135.17999999999915,135.21999999999915,134.79999999999916,134.80999999999915,751
2026-04-27T15:00:00+00:00,134.80999999999915,134.83999999999915,134.54999999999916,134.70999999999916,844
2026-04-27T15:15:00+00:00,134.70999999999916,134.86999999999915,134.42999999999915,134.61999999999912,767
2026-04-27T15:30:00+00:00,134.61999999999912,134.70999999999913,134.45999999999913,134.68999999999912,598
2026-04-27T15:45:00+00:00,134.68999999999912,134.80999999999912,134.68999999999912,134.76999999999913,407
2026-04-27T16:00:00+00:00,134.76999999999913,134.93999999999912,134.7599999999991,134.85999999999913,428
2026-04-27T16:15:00+00:00,134.85999999999913,134.90999999999912,134.77999999999912,134.79999999999913,347
2026-04-27T16:30:00+00:00,134.79999999999913,134.8899999999991,134.65999999999912,134.73999999999913,336
2026-04-27T16:45:00+00:00,134.73999999999913,134.8199999999991,134.6999999999991,134.7599999999991,258
2026-04-27T17:00:00+00:00,134.7599999999991,134.77999999999912,134.5399999999991,134.6699999999991,428
2026-04-27T17:15:00+00:00,134.6699999999991,134.85999999999913,134.5699999999991,134.8199999999991,423
2026-04-27T17:30:00+00:00,134.8199999999991,135.08999999999912,134.80999999999912,135.0099999999991,457
2026-04-27T17:45:00+00:00,135.0099999999991,135.04999999999913,134.80999999999912,134.83999999999912,314
2026-04-27T18:00:00+00:00,134.83999999999912,134.8899999999991,134.57999999999913,134.68999999999912,364
2026-04-27T18:15:00+00:00,134.68999999999912,134.79999999999913,134.61999999999912,134.74999999999912,296
2026-04-27T18:30:00+00:00,134.74999999999912,134.95999999999913,134.74999999999912,134.89999999999912,274
2026-04-27T18:45:00+00:00,134.89999999999912,135.18999999999912,134.87999999999911,135.15999999999912,357
2026-04-27T19:00:00+00:00,135.15999999999912,135.5999999999991,135.1399999999991,135.5699999999991,881
2026-04-27T19:15:00+00:00,135.5699999999991,135.76999999999913,135.5099999999991,135.6699999999991,1028
2026-04-27T19:30:00+00:00,135.6699999999991,135.7899999999991,135.35999999999913,135.40999999999912,954
2026-04-27T19:45:00+00:00,135.40999999999912,135.7599999999991,135.32999999999913,135.52999999999912,1442
2026-04-28T13:30:00+00:00,135.52999999999912,137.6699999999991,135.52999999999912,137.15999999999912,866
2026-04-28T13:45:00+00:00,137.15999999999912,137.1999999999991,135.98999999999913,135.98999999999913,1193
2026-04-28T14:00:00+00:00,135.98999999999913,136.12999999999911,135.21999999999912,135.23999999999913,1678
2026-04-28T14:15:00+00:00,135.23999999999913,135.49999999999912,134.9199999999991,134.96999999999912,1377
2026-04-28T14:30:00+00:00,134.96999999999912,135.1699999999991,134.4799999999991,134.5099999999991,1868
2026-04-28T14:45:00+00:00,134.5099999999991,134.85999999999913,134.3899999999991,134.6399999999991,1544
2026-04-28T15:00:00+00:00,134.6399999999991,134.8199999999991,134.4799999999991,134.62999999999911,1065
2026-04-28T15:15:00+00:00,134.62999999999911,134.85999999999913,134.54999999999913,134.7899999999991,823
2026-04-28T15:30:00+00:00,134.7899999999991,134.9799999999991,134.54999999999913,134.6999999999991,838
2026-04-28T15:45:00+00:00,134.6999999999991,134.79999999999913,134.61999999999912,134.7599999999991,947
2026-04-28T16:00:00+00:00,134.7599999999991,134.95999999999913,134.70999999999913,134.92999999999913,893
2026-04-28T16:15:00+00:00,134.92999999999913,135.14999999999912,134.80999999999912,135.0099999999991,694
2026-04-28T16:30:00+00:00,135.0099999999991,135.12999999999911,134.90999999999912,135.07999999999913,832
2026-04-28T16:45:00+00:00,135.07999999999913,135.2299999999991,134.9199999999991,135.05999999999912,872
2026-04-28T17:00:00+00:00,135.05999999999912,135.0999999999991,134.8899999999991,135.07999999999913,774
2026-04-28T17:15:00+00:00,135.07999999999913,135.24999999999912,134.82999999999913,135.18999999999912,749
2026-04-28T17:30:00+00:00,135.18999999999912,135.83999999999912,135.0699999999991,135.80999999999912,858
2026-04-28T17:45:00+00:00,135.80999999999912,135.86999999999912,135.60999999999913,135.65999999999912,721
2026-04-28T18:00:00+00:00,135.65999999999912,135.71999999999912,135.37999999999911,135.3899999999991,501
2026-04-28T18:15:00+00:00,135.3899999999991,135.58999999999912,135.29999999999913,135.3199999999991,621
2026-04-28T18:30:00+00:00,135.3199999999991,135.35999999999913,135.17999999999913,135.3199999999991,548
2026-04-28T18:45:00+00:00,135.3199999999991,135.4199999999991,135.14999999999912,135.14999999999912,486
2026-04-28T19:00:00+00:00,135.14999999999912,135.1699999999991,134.85999999999913,134.8899999999991,895
2026-04-28T19:15:00+00:00,134.8899999999991,134.95999999999913,134.6699999999991,134.67999999999913,1025
2026-04-28T19:30:00+00:00,134.67999999999913,134.77999999999912,134.4899999999991,134.73999999999913,1121
2026-04-28T19:45:00+00:00,134.73999999999913,134.96999999999912,134.45999999999913,134.96999999999912,2139
2026-04-29T13:30:00+00:00,134.96999999999912,135.0399999999991,133.38999999999916,133.43999999999917,587
2026-04-29T13:45:00+00:00,133.43999999999917,134.48999999999918,133.12999999999917,134.40999999999917,2010
2026-04-29T14:00:00+00:00,134.40999999999917,134.63999999999916,134.16999999999916,134.55999999999918,1887
2026-04-29T14:15:00+00:00,134.55999999999918,134.7999999999992,134.3899999999992,134.64999999999918,1261
2026-04-29T14:30:00+00:00,134.64999999999918,134.73999999999918,134.41999999999916,134.42999999999915,1054
2026-04-29T14:45:00+00:00,134.42999999999915,134.50999999999914,134.2499999999992,134.2499999999992,757.5709721588316
2026-04-29T15:00:00+00:00,134.2499999999992,134.3799999999992,133.95999999999913,134.10999999999913,734
2026-04-29T15:15:00+00:00,134.10999999999913,134.1899999999991,133.92999999999904,133.97999999999905,710
2026-04-29T15:30:00+00:00,133.97999999999905,134.00999999999905,133.50999999999902,133.6299999999991,805
2026-04-29T15:45:00+00:00,133.6299999999991,133.78999999999908,132.9899999999991,133.1699999999991,1407
2026-04-29T16:00:00+00:00,133.1699999999991,133.4299999999991,133.06999999999914,133.08999999999912,900
2026-04-29T16:15:00+00:00,133.08999999999912,133.29999999999907,133.07999999999913,133.16999999999908,635
2026-04-29T16:30:00+00:00,133.16999999999908,133.31999999999908,132.9999999999991,133.06999999999908,820
2026-04-29T16:45:00+00:00,133.06999999999908,133.1399999999991,132.94999999999905,133.04999999999905,824
2026-04-29T17:00:00+00:00,133.04999999999905,133.32999999999902,132.96999999999903,133.289999999999,559
2026-04-29T17:15:00+00:00,133.289999999999,133.519999999999,133.249999999999,133.489999999999,708
2026-04-29T17:30:00+00:00,133.489999999999,133.67999999999898,133.37999999999894,133.41999999999896,538
2026-04-29T17:45:00+00:00,133.41999999999896,133.68999999999897,133.40999999999894,133.64999999999895,531
2026-04-29T18:00:00+00:00,133.64999999999895,133.68999999999897,133.01999999999896,133.06999999999897,1068
2026-04-29T18:15:00+00:00,133.06999999999897,133.37999999999892,133.00999999999897,133.24999999999895,780
2026-04-29T18:30:00+00:00,133.24999999999895,133.41999999999894,133.049999999999,133.05999999999898,1364
2026-04-29T18:45:00+00:00,133.05999999999898,133.49999999999898,132.969999999999,133.489999999999,1065
2026-04-29T19:00:00+00:00,133.489999999999,133.99999999999903,133.469999999999,133.979999999999,893
2026-04-29T19:15:00+00:00,133.979999999999,134.029999999999,133.87999999999897,133.95999999999896,634
2026-04-29T19:30:00+00:00,133.95999999999896,133.98999999999893,133.58999999999895,133.90999999999894,1157
2026-04-29T19:45:00+00:00,133.90999999999894,134.03999999999894,133.5699999999989,133.89999999999895,1536
2026-04-30T13:30:00+00:00,133.89999999999895,134.83999999999898,132.76999999999896,134.549999999999,449
2026-04-30T13:45:00+00:00,134.549999999999,134.839999999999,134.17999999999898,134.50999999999902,1471
2026-04-30T14:00:00+00:00,134.50999999999902,134.60999999999902,133.869999999999,134.289999999999,2385
2026-04-30T14:15:00+00:00,134.289999999999,134.88999999999902,134.26999999999902,134.809999999999,1889
2026-04-30T14:30:00+00:00,134.809999999999,135.13999999999902,134.69999999999902,134.76999999999902,1566
2026-04-30T14:45:00+00:00,134.76999999999902,135.07999999999902,134.749999999999,134.959999999999,1324
2026-04-30T15:00:00+00:00,134.959999999999,135.129999999999,134.719999999999,135.01999999999902,1214
2026-04-30T15:15:00+00:00,135.01999999999902,135.29999999999902,134.98999999999901,135.16999999999902,1259
2026-04-30T15:30:00+00:00,135.16999999999902,135.16999999999902,134.749999999999,134.839999999999,1018
2026-04-30T15:45:00+00:00,134.839999999999,134.98999999999901,134.709999999999,134.88999999999902,804
2026-04-30T16:00:00+00:00,134.88999999999902,135.00999999999902,134.82999999999902,134.939999999999,552
2026-04-30T16:15:00+00:00,134.939999999999,135.029999999999,134.649999999999,135.01999999999902,562
2026-04-30T16:30:00+00:00,135.01999999999902,135.04999999999902,134.79999999999902,134.839999999999,561
2026-04-30T16:45:00+00:00,134.839999999999,134.88999999999902,134.63999999999902,134.709999999999,751
2026-04-30T17:00:00+00:00,134.709999999999,134.79999999999902,134.59999999999903,134.679999999999,593
2026-04-30T17:15:00+00:00,134.679999999999,134.82999999999902,134.559999999999,134.649999999999,429
2026-04-30T17:30:00+00:00,134.649999999999,134.88999999999902,134.54999999999902,134.54999999999902,875
2026-04-30T17:45:00+00:00,134.54999999999902,134.809999999999,134.529999999999,134.57999999999902,613
2026-04-30T18:00:00+00:00,134.57999999999902,134.78999999999903,134.56999999999903,134.589999999999,739
2026-04-30T18:15:00+00:00,134.589999999999,134.809999999999,134.57999999999902,134.72999999999902,540
2026-04-30T18:30:00+00:00,134.72999999999902,134.78999999999903,134.57999999999902,134.719999999999,631
2026-04-30T18:45:00+00:00,134.719999999999,134.88999999999902,134.56999999999903,134.59999999999903,665
2026-04-30T19:00:00+00:00,134.59999999999903,134.719999999999,134.379999999999,134.55999999999898,722
2026-04-30T19:15:00+00:00,134.55999999999898,134.639999999999,134.44999999999897,134.56999999999897,873
2026-04-30T19:30:00+00:00,134.56999999999897,134.57999999999896,134.17999999999893,134.26999999999896,924
2026-04-30T19:45:00+00:00,134.26999999999896,134.54999999999896,134.18999999999897,134.289999999999,1465
2026-05-01T13:30:00+00:00,134.289999999999,135.879999999999,133.80999999999898,135.51999999999902,751
2026-05-01T13:45:00+00:00,135.51999999999902,136.66999999999902,135.03999999999903,136.559999999999,1502
2026-05-01T14:00:00+00:00,136.559999999999,136.84999999999903,135.589999999999,136.00999999999902,2160
2026-05-01T14:15:00+00:00,136.00999999999902,136.28999999999903,135.719999999999,135.969999999999,1646
2026-05-01T14:30:00+00:00,135.969999999999,136.249999999999,135.75999999999902,135.81999999999903,1727
2026-05-01T14:45:00+00:00,135.81999999999903,135.909999999999,135.369999999999,135.459999999999,1386.8678471172534
2026-05-01T15:00:00+00:00,135.459999999999,135.589999999999,135.089999999999,135.129999999999,1430
2026-05-01T15:15:00+00:00,135.129999999999,135.219999999999,134.929999999999,135.119999999999,1017
2026-05-01T15:30:00+00:00,135.119999999999,135.189999999999,134.879999999999,134.899999999999,815
2026-05-01T15:45:00+00:00,134.899999999999,134.97999999999902,134.339999999999,134.38999999999905,1162
2026-05-01T16:00:00+00:00,134.38999999999905,134.63999999999905,134.11999999999904,134.16999999999905,887
2026-05-01T16:15:00+00:00,134.16999999999905,134.22999999999905,133.279999999999,133.29999999999902,1318
2026-05-01T16:30:00+00:00,133.29999999999902,133.67999999999904,133.179999999999,133.54999999999905,1124
2026-05-01T16:45:00+00:00,133.54999999999905,133.73999999999904,133.3799999999991,133.50999999999914,870
2026-05-01T17:00:00+00:00,133.50999999999914,133.9299999999992,133.49999999999915,133.8999999999992,654
2026-05-01T17:15:00+00:00,133.8999999999992,134.01999999999924,133.6799999999992,133.94999999999922,719
2026-05-01T17:30:00+00:00,133.94999999999922,134.29999999999927,133.9299999999992,134.16999999999928,554
2026-05-01T17:45:00+00:00,134.16999999999928,134.30999999999932,134.01999999999927,134.0599999999993,674
2026-05-01T18:00:00+00:00,134.0599999999993,134.1599999999993,133.8799999999993,133.89999999999932,627
2026-05-01T18:15:00+00:00,133.89999999999932,133.92999999999935,133.7099999999993,133.8799999999993,566
2026-05-01T18:30:00+00:00,133.8799999999993,133.92999999999932,133.58999999999932,133.72999999999934,695
2026-05-01T18:45:00+00:00,133.72999999999934,133.89999999999935,133.69999999999933,133.7599999999993,537
2026-05-01T19:00:00+00:00,133.7599999999993,134.05999999999932,133.6999999999993,133.99999999999932,633
2026-05-01T19:15:00+00:00,133.99999999999932,134.20999999999933,133.99999999999932,134.03999999999934,546
2026-05-01T19:30:00+00:00,134.03999999999934,134.09999999999934,133.90999999999934,134.01999999999936,641
2026-05-01T19:45:00+00:00,134.01999999999936,134.10999999999936,133.67999999999938,133.80999999999938,1094
2026-05-04T13:30:00+00:00,133.80999999999938,133.80999999999938,131.69999999999936,131.74999999999937,669
2026-05-04T13:45:00+00:00,131.74999999999937,132.4099999999994,131.62999999999937,132.36999999999938,1145
2026-05-04T14:00:00+00:00,132.36999999999938,132.36999999999938,131.74999999999943,132.05999999999943,1447
2026-05-04T14:15:00+00:00,132.05999999999943,132.53999999999945,131.99999999999943,132.30999999999943,1145
2026-05-04T14:30:00+00:00,132.30999999999943,132.61999999999944,131.96999999999943,131.98999999999944,830
2026-05-04T14:45:00+00:00,131.98999999999944,132.18999999999943,131.88999999999942,131.91999999999942,969
2026-05-04T15:00:00+00:00,131.91999999999942,132.0399999999994,131.68999999999943,131.88999999999942,990
2026-05-04T15:15:00+00:00,131.88999999999942,132.0499999999994,131.04999999999933,131.35999999999933,1462
2026-05-04T15:30:00+00:00,131.35999999999933,131.5099999999993,130.95999999999933,131.22999999999934,1526
2026-05-04T15:45:00+00:00,131.22999999999934,131.5699999999993,131.0699999999993,131.42999999999932,1172
2026-05-04T16:00:00+00:00,131.42999999999932,131.7399999999993,131.0199999999993,131.1499999999993,1465
2026-05-04T16:15:00+00:00,131.1499999999993,131.96999999999932,131.03999999999928,131.6399999999993,1282
2026-05-04T16:30:00+00:00,131.6399999999993,131.7899999999993,131.43999999999932,131.43999999999932,939
2026-05-04T16:45:00+00:00,131.43999999999932,131.5199999999993,131.19999999999933,131.42999999999935,832
2026-05-04T17:00:00+00:00,131.42999999999935,131.90999999999934,131.35999999999936,131.70999999999935,1018
2026-05-04T17:15:00+00:00,131.70999999999935,132.0299999999994,131.55999999999935,131.8899999999994,1109
2026-05-04T17:30:00+00:00,131.8899999999994,132.44999999999942,131.8599999999994,132.23999999999938,1002
2026-05-04T17:45:00+00:00,132.23999999999938,132.40999999999937,132.2099999999994,132.26999999999936,630
2026-05-04T18:00:00+00:00,132.26999999999936,132.53999999999934,132.21999999999935,132.39999999999927,801
2026-05-04T18:15:00+00:00,132.39999999999927,132.39999999999927,131.9299999999992,132.03999999999922,759
2026-05-04T18:30:00+00:00,132.03999999999922,132.08999999999924,131.65999999999914,131.70999999999913,614
2026-05-04T18:45:00+00:00,131.70999999999913,131.74999999999912,131.3699999999991,131.65999999999912,672
2026-05-04T19:00:00+00:00,131.65999999999912,132.09999999999908,131.4399999999991,132.06999999999908,746
2026-05-04T19:15:00+00:00,132.06999999999908,132.08999999999907,131.5099999999991,131.52999999999912,887
2026-05-04T19:30:00+00:00,131.52999999999912,131.6299999999991,131.3099999999991,131.5599999999991,762
2026-05-04T19:45:00+00:00,131.5599999999991,132.0799999999992,131.4799999999991,132.02999999999918,1069
2026-05-05T13:30:00+00:00,132.02999999999918,134.41999999999916,132.0199999999992,133.3699999999992,611
2026-05-05T13:45:00+00:00,133.3699999999992,133.96999999999917,133.36999999999918,133.75999999999914,740
2026-05-05T14:00:00+00:00,133.75999999999914,134.00999999999914,133.12999999999914,133.38999999999913,1278
2026-05-05T14:15:00+00:00,133.38999999999913,133.90999999999917,133.33999999999912,133.82999999999916,1375
2026-05-05T14:30:00+00:00,133.82999999999916,133.95999999999918,133.55999999999918,133.87999999999917,1058
2026-05-05T14:45:00+00:00,133.87999999999917,134.3799999999992,133.7699999999992,134.3699999999992,774
2026-05-05T15:00:00+00:00,134.3699999999992,134.9299999999992,134.3199999999992,134.6799999999992,833
2026-05-05T15:15:00+00:00,134.6799999999992,134.85999999999922,134.2699999999992,134.55999999999918,750
2026-05-05T15:30:00+00:00,134.55999999999918,134.61999999999918,134.26999999999921,134.3699999999992,680
2026-05-05T15:45:00+00:00,134.3699999999992,134.57999999999922,134.11999999999927,134.25999999999925,605
2026-05-05T16:00:00+00:00,134.25999999999925,134.45999999999924,134.14999999999924,134.25999999999925,442
2026-05-05T16:15:00+00:00,134.25999999999925,134.42999999999927,134.20999999999927,134.39999999999927,438
2026-05-05T16:30:00+00:00,134.39999999999927,134.44999999999925,134.25999999999928,134.29999999999927,436
2026-05-05T16:45:00+00:00,134.29999999999927,134.42999999999927,134.22999999999928,134.32999999999927,295
2026-05-05T17:00:00+00:00,134.32999999999927,134.34999999999928,134.0599999999992,134.0599999999992,407
2026-05-05T17:15:00+00:00,134.0599999999992,134.37999999999926,134.02999999999923,134.31999999999925,334
2026-05-05T17:30:00+00:00,134.31999999999925,134.54999999999924,134.30999999999926,134.3999999999993,496
2026-05-05T17:45:00+00:00,134.3999999999993,134.4099999999993,134.10999999999927,134.2199999999993,399
2026-05-05T18:00:00+00:00,134.2199999999993,134.31999999999925,134.06999999999928,134.17999999999927,406
2026-05-05T18:15:00+00:00,134.17999999999927,134.36999999999927,134.16999999999928,134.22999999999928,309
2026-05-05T18:30:00+00:00,134.22999999999928,134.35999999999927,134.15999999999926,134.29999999999927,369
2026-05-05T18:45:00+00:00,134.29999999999927,134.3799999999993,134.2799999999993,134.3199999999993,371
2026-05-05T19:00:00+00:00,134.3199999999993,134.56999999999928,134.29999999999933,134.55999999999926,522
2026-05-05T19:15:00+00:00,134.55999999999926,134.59999999999928,134.34999999999928,134.35999999999927,557
2026-05-05T19:30:00+00:00,134.35999999999927,134.50999999999925,134.32999999999925,134.44999999999925,552
2026-05-05T19:45:00+00:00,134.44999999999925,134.78999999999928,134.27999999999926,134.46999999999926,1451
2026-05-06T13:30:00+00:00,134.46999999999926,137.84999999999928,134.46999999999926,136.28999999999928,1094
2026-05-06T13:45:00+00:00,136.28999999999928,136.28999999999928,135.44999999999928,136.11999999999927,1295
2026-05-06T14:00:00+00:00,136.11999999999927,136.26999999999927,135.07999999999927,135.22999999999928,1285
2026-05-06T14:15:00+00:00,135.22999999999928,135.50999999999928,134.86999999999927,134.98999999999927,1303
2026-05-06T14:30:00+00:00,134.98999999999927,135.76999999999927,134.97999999999928,135.69999999999928,1535
2026-05-06T14:45:00+00:00,135.69999999999928,136.13999999999925,135.41999999999928,136.09999999999926,1287.8950177935944
2026-05-06T15:00:00+00:00,136.09999999999926,136.19999999999925,135.82999999999925,136.05999999999923,1134
2026-05-06T15:15:00+00:00,136.05999999999923,136.09999999999926,135.69999999999925,135.72999999999925,879
2026-05-06T15:30:00+00:00,135.72999999999925,135.84999999999926,135.34999999999926,135.43999999999923,800
2026-05-06T15:45:00+00:00,135.43999999999923,136.02999999999923,135.35999999999925,135.82999999999925,969
2026-05-06T16:00:00+00:00,135.82999999999925,135.89999999999924,135.59999999999926,135.67999999999924,626
2026-05-06T16:15:00+00:00,135.67999999999924,135.87999999999926,135.59999999999926,135.68999999999923,549
2026-05-06T16:30:00+00:00,135.68999999999923,136.02999999999923,135.62999999999926,135.64999999999924,546
2026-05-06T16:45:00+00:00,135.64999999999924,135.68999999999923,135.37999999999926,135.50999999999925,711
2026-05-06T17:00:00+00:00,135.50999999999925,135.53999999999925,135.21999999999923,135.23999999999924,681
2026-05-06T17:15:00+00:00,135.23999999999924,135.26999999999924,134.86999999999924,135.09999999999926,622
2026-05-06T17:30:00+00:00,135.09999999999926,135.16999999999925,134.78999999999925,134.86999999999924,556
2026-05-06T17:45:00+00:00,134.86999999999924,134.90999999999923,134.39999999999924,134.45999999999924,566
2026-05-06T18:00:00+00:00,134.45999999999924,134.63999999999925,134.30999999999926,134.31999999999925,734
2026-05-06T18:15:00+00:00,134.31999999999925,134.68999999999926,134.30999999999926,134.47999999999928,577
2026-05-06T18:30:00+00:00,134.47999999999928,134.91999999999928,134.4699999999993,134.84999999999928,611
2026-05-06T18:45:00+00:00,134.84999999999928,134.91999999999928,134.52999999999926,134.61999999999927,651
2026-05-06T19:00:00+00:00,134.61999999999927,134.73999999999927,134.38999999999925,134.56999999999928,901
2026-05-06T19:15:00+00:00,134.56999999999928,134.72999999999928,134.21999999999923,134.30999999999926,806
2026-05-06T19:30:00+00:00,134.30999999999926,134.5299999999992,134.2599999999992,134.31999999999917,712
2026-05-06T19:45:00+00:00,134.31999999999917,134.4399999999992,133.85999999999922,133.9699999999992,1621
2026-05-07T13:30:00+00:00,133.9699999999992,135.7799999999992,133.39999999999918,134.21999999999926,1234
2026-05-07T13:45:00+00:00,134.21999999999926,134.45999999999924,133.39999999999932,133.60999999999933,1348
2026-05-07T14:00:00+00:00,133.60999999999933,134.8799999999993,133.44999999999933,134.28999999999934,1968
2026-05-07T14:15:00+00:00,134.28999999999934,135.02999999999935,134.18999999999937,134.37999999999937,1764
2026-05-07T14:30:00+00:00,134.37999999999937,135.52999999999938,134.32999999999936,134.93999999999937,1726
2026-05-07T14:45:00+00:00,134.93999999999937,135.83999999999938,134.86999999999938,135.5099999999994,1358
2026-05-07T15:00:00+00:00,135.5099999999994,136.4499999999994,135.4799999999994,136.39999999999938,1399
2026-05-07T15:15:00+00:00,136.39999999999938,137.0999999999994,136.39999999999938,137.05999999999938,1739
2026-05-07T15:30:00+00:00,137.05999999999938,137.6299999999994,136.8599999999994,136.99999999999937,1670
2026-05-07T15:45:00+00:00,136.99999999999937,137.0799999999994,136.39999999999938,136.48999999999938,1439
2026-05-07T16:00:00+00:00,136.48999999999938,136.6299999999994,136.17999999999938,136.43999999999937,1403
2026-05-07T16:15:00+00:00,136.43999999999937,136.43999999999937,135.89999999999938,136.3299999999994,1408
2026-05-07T16:30:00+00:00,136.3299999999994,136.99999999999937,136.0799999999994,136.6099999999994,1354
2026-05-07T16:45:00+00:00,136.6099999999994,136.8299999999994,136.3499999999994,136.5099999999994,1316
2026-05-07T17:00:00+00:00,136.5099999999994,136.5099999999994,135.9499999999994,136.08999999999938,1337
2026-05-07T17:15:00+00:00,136.08999999999938,136.3899999999994,135.70999999999938,135.8199999999994,1823
2026-05-07T17:30:00+00:00,135.8199999999994,136.3199999999994,135.5499999999994,136.0099999999994,1331
2026-05-07T17:45:00+00:00,136.0099999999994,136.0999999999994,135.46999999999937,136.0699999999994,1332
2026-05-07T18:00:00+00:00,136.0699999999994,136.1299999999994,135.74999999999937,135.8899999999994,991
2026-05-07T18:15:00+00:00,135.8899999999994,136.0999999999994,135.65999999999937,135.67999999999938,753
2026-05-07T18:30:00+00:00,135.67999999999938,135.8799999999994,135.14999999999938,135.20999999999938,948
2026-05-07T18:45:00+00:00,135.20999999999938,135.77999999999938,135.0799999999994,135.64999999999938,1413
2026-05-07T19:00:00+00:00,135.64999999999938,136.26999999999938,135.5999999999994,136.20999999999938,850
2026-05-07T19:15:00+00:00,136.20999999999938,136.21999999999937,135.74999999999937,135.8899999999994,1106
2026-05-07T19:30:00+00:00,135.8899999999994,136.2299999999994,135.7899999999994,136.01999999999938,892
2026-05-07T19:45:00+00:00,136.01999999999938,136.20999999999938,135.21999999999937,135.3899999999994,2006
2026-05-08T13:30:00+00:00,135.3899999999994,137.86999999999938,135.3899999999994,137.42999999999938,767
2026-05-08T13:45:00+00:00,137.42999999999938,138.3299999999994,137.14999999999938,137.7999999999994,895
2026-05-08T14:00:00+00:00,137.7999999999994,137.9499999999994,136.2999999999994,136.40999999999937,919
2026-05-08T14:15:00+00:00,136.40999999999937,137.05999999999938,136.33999999999938,136.76999999999938,1262
2026-05-08T14:30:00+00:00,136.76999999999938,137.15999999999937,136.52999999999938,136.67999999999938,1338
2026-05-08T14:45:00+00:00,136.67999999999938,136.7299999999994,136.1999999999994,136.2599999999994,1035.3018029788345
2026-05-08T15:00:00+00:00,136.2599999999994,136.3399999999994,135.9599999999994,136.0599999999994,937
2026-05-08T15:15:00+00:00,136.0599999999994,136.2499999999994,135.32999999999942,135.35999999999942,886
2026-05-08T15:30:00+00:00,135.35999999999942,135.54999999999941,135.1299999999994,135.1599999999994,1188
2026-05-08T15:45:00+00:00,135.1599999999994,135.3499999999994,135.0099999999994,135.3099999999994,936
2026-05-08T16:00:00+00:00,135.3099999999994,135.8499999999994,135.2499999999994,135.3799999999994,706
2026-05-08T16:15:00+00:00,135.3799999999994,135.4699999999994,135.2199999999994,135.2399999999994,713
2026-05-08T16:30:00+00:00,135.2399999999994,135.6899999999994,134.6899999999994,134.6999999999994,928
2026-05-08T16:45:00+00:00,134.6999999999994,134.7099999999994,134.14999999999938,134.1599999999994,884
2026-05-08T17:00:00+00:00,134.1599999999994,134.2499999999994,133.2799999999994,133.2999999999994,1062
2026-05-08T17:15:00+00:00,133.2999999999994,133.62999999999937,133.1999999999994,133.60999999999936,1030
2026-05-08T17:30:00+00:00,133.60999999999936,133.63999999999936,132.86999999999938,133.1399999999994,969
2026-05-08T17:45:00+00:00,133.1399999999994,133.30999999999938,132.4199999999993,132.4599999999993,943
2026-05-08T18:00:00+00:00,132.4599999999993,132.97999999999934,132.4599999999993,132.93999999999932,897
2026-05-08T18:15:00+00:00,132.93999999999932,133.26999999999936,132.92999999999932,133.03999999999934,754
2026-05-08T18:30:00+00:00,133.03999999999934,133.10999999999933,132.7799999999993,132.91999999999933,809
2026-05-08T18:45:00+00:00,132.91999999999933,132.94999999999936,132.27999999999935,132.38999999999936,830
2026-05-08T19:00:00+00:00,132.38999999999936,132.57999999999933,132.06999999999928,132.13999999999928,844
2026-05-08T19:15:00+00:00,132.13999999999928,132.35999999999922,132.01999999999924,132.04999999999924,903
2026-05-08T19:30:00+00:00,132.04999999999924,132.68999999999926,131.90999999999923,132.49999999999926,1193
2026-05-08T19:45:00+00:00,132.49999999999926,132.50999999999925,131.60999999999927,132.03999999999928,2034
2026-05-11T13:30:00+00:00,132.03999999999928,132.2199999999993,131.13999999999928,132.0899999999993,623
2026-05-11T13:45:00+00:00,132.0899999999993,133.8899999999993,132.0799999999993,133.80999999999932,1053
2026-05-11T14:00:00+00:00,133.80999999999932,134.18999999999932,133.30999999999938,133.45999999999935,991
2026-05-11T14:15:00+00:00,133.45999999999935,134.50999999999942,133.45999999999935,134.2199999999994,863
2026-05-11T14:30:00+00:00,134.2199999999994,134.42999999999944,133.60999999999945,133.62999999999943,1293
2026-05-11T14:45:00+00:00,133.62999999999943,133.70999999999944,133.0399999999994,133.5099999999994,1299
2026-05-11T15:00:00+00:00,133.5099999999994,133.61999999999938,132.90999999999934,132.94999999999936,1003
2026-05-11T15:15:00+00:00,132.94999999999936,133.05999999999938,132.51999999999936,132.7299999999994,1037
2026-05-11T15:30:00+00:00,132.7299999999994,133.23999999999933,132.6399999999994,133.02999999999935,1020
2026-05-11T15:45:00+00:00,133.02999999999935,133.11999999999935,132.5199999999993,132.61999999999932,926
2026-05-11T16:00:00+00:00,132.61999999999932,132.68999999999932,132.10999999999933,132.26999999999933,576
2026-05-11T16:15:00+00:00,132.26999999999933,132.88999999999942,132.26999999999933,132.7799999999994,510
2026-05-11T16:30:00+00:00,132.7799999999994,133.05999999999943,132.67999999999944,132.90999999999943,859
2026-05-11T16:45:00+00:00,132.90999999999943,132.97999999999945,132.65999999999946,132.67999999999944,516
2026-05-11T17:00:00+00:00,132.67999999999944,133.04999999999936,132.67999999999944,132.96999999999935,464
2026-05-11T17:15:00+00:00,132.96999999999935,133.18999999999932,132.73999999999933,133.17999999999932,446
2026-05-11T17:30:00+00:00,133.17999999999932,133.36999999999932,133.1399999999993,133.20999999999933,505
2026-05-11T17:45:00+00:00,133.20999999999933,133.24999999999932,132.84999999999928,133.13999999999928,408
2026-05-11T18:00:00+00:00,133.13999999999928,133.34999999999928,133.0299999999993,133.1499999999993,467
2026-05-11T18:15:00+00:00,133.1499999999993,133.30999999999932,133.03999999999928,133.11999999999932,495
2026-05-11T18:30:00+00:00,133.11999999999932,133.3299999999993,132.9699999999993,133.07999999999925,675
2026-05-11T18:45:00+00:00,133.07999999999925,133.20999999999927,132.68999999999926,132.84999999999923,756
2026-05-11T19:00:00+00:00,132.84999999999923,132.96999999999923,132.54999999999922,132.63999999999922,720
2026-05-11T19:15:00+00:00,132.63999999999922,132.8899999999992,132.53999999999922,132.8299999999992,718
2026-05-11T19:30:00+00:00,132.8299999999992,132.8299999999992,132.24999999999923,132.28999999999922,631
2026-05-11T19:45:00+00:00,132.28999999999922,132.39999999999924,132.05999999999923,132.28999999999922,1125
2026-05-12T13:30:00+00:00,132.28999999999922,132.28999999999922,130.05999999999923,130.14999999999924,659
2026-05-12T13:45:00+00:00,130.14999999999924,130.66999999999928,129.63999999999922,130.53999999999928,892
2026-05-12T14:00:00+00:00,130.53999999999928,131.28999999999928,130.4099999999993,130.6999999999993,842
2026-05-12T14:15:00+00:00,130.6999999999993,130.8199999999993,130.0799999999993,130.42999999999932,803
2026-05-12T14:30:00+00:00,130.42999999999932,130.6999999999993,129.82999999999936,130.5799999999993,841
2026-05-12T14:45:00+00:00,130.5799999999993,131.2199999999993,130.2999999999993,131.1799999999993,669
2026-05-12T15:00:00+00:00,131.1799999999993,131.1999999999993,130.56999999999925,130.60999999999922,653
2026-05-12T15:15:00+00:00,130.60999999999922,130.8999999999992,129.7499999999992,130.8299999999992,815
2026-05-12T15:30:00+00:00,130.8299999999992,131.39999999999924,130.60999999999922,131.39999999999924,843
2026-05-12T15:45:00+00:00,131.39999999999924,131.86999999999927,131.35999999999922,131.7099999999993,1146
2026-05-12T16:00:00+00:00,131.7099999999993,131.8299999999993,131.3199999999993,131.3699999999993,953
2026-05-12T16:15:00+00:00,131.3699999999993,131.5799999999993,131.28999999999934,131.43999999999932,753
2026-05-12T16:30:00+00:00,131.43999999999932,131.68999999999932,131.40999999999931,131.4699999999993,759
2026-05-12T16:45:00+00:00,131.4699999999993,132.05999999999926,131.4099999999993,132.02999999999926,931
2026-05-12T17:00:00+00:00,132.02999999999926,132.3099999999992,131.94999999999925,132.20999999999924,996
2026-05-12T17:15:00+00:00,132.20999999999924,132.4899999999992,132.13999999999925,132.3499999999992,1009
2026-05-12T17:30:00+00:00,132.3499999999992,132.5499999999992,132.2599999999992,132.46999999999915,771
2026-05-12T17:45:00+00:00,132.46999999999915,132.54999999999916,132.33999999999915,132.53999999999917,666
2026-05-12T18:00:00+00:00,132.53999999999917,132.70999999999916,132.3199999999992,132.54999999999916,949
2026-05-12T18:15:00+00:00,132.54999999999916,132.96999999999912,132.54999999999916,132.72999999999914,944
2026-05-12T18:30:00+00:00,132.72999999999914,132.78999999999917,132.5599999999991,132.6699999999991,679
2026-05-12T18:45:00+00:00,132.6699999999991,132.76999999999907,132.4799999999991,132.7099999999991,690
2026-05-12T19:00:00+00:00,132.7099999999991,132.93999999999912,132.65999999999912,132.81999999999914,671
2026-05-12T19:15:00+00:00,132.81999999999914,132.83999999999912,132.43999999999912,132.6799999999991,626
2026-05-12T19:30:00+00:00,132.6799999999991,132.7699999999991,132.44999999999908,132.5699999999991,680
2026-05-12T19:45:00+00:00,132.5699999999991,132.9599999999991,132.4199999999991,132.9599999999991,1602
2026-05-13T13:30:00+00:00,132.9599999999991,132.9599999999991,129.9099999999991,130.79999999999905,622
2026-05-13T13:45:00+00:00,130.79999999999905,131.71999999999906,130.79999999999905,131.4299999999991,751
2026-05-13T14:00:00+00:00,131.4299999999991,131.9799999999991,131.3399999999991,131.56999999999908,784
2026-05-13T14:15:00+00:00,131.56999999999908,132.01999999999913,131.47999999999908,131.8899999999991,628
2026-05-13T14:30:00+00:00,131.8899999999991,132.22999999999908,131.61999999999907,131.83999999999912,655
2026-05-13T14:45:00+00:00,131.83999999999912,132.13999999999913,131.67999999999913,131.74999999999912,564.183151916706
2026-05-13T15:00:00+00:00,131.74999999999912,131.89999999999912,131.44999999999914,131.45999999999913,533
2026-05-13T15:15:00+00:00,131.45999999999913,131.92999999999915,131.43999999999915,131.90999999999917,594
2026-05-13T15:30:00+00:00,131.90999999999917,132.04999999999916,131.39999999999912,131.39999999999912,638
2026-05-13T15:45:00+00:00,131.39999999999912,131.65999999999912,131.31999999999908,131.6299999999991,678
2026-05-13T16:00:00+00:00,131.6299999999991,131.6299999999991,131.26999999999913,131.35999999999913,509
2026-05-13T16:15:00+00:00,131.35999999999913,131.79999999999916,131.29999999999916,131.66999999999913,633
2026-05-13T16:30:00+00:00,131.66999999999913,131.71999999999915,131.46999999999917,131.48999999999913,572
2026-05-13T16:45:00+00:00,131.48999999999913,131.68999999999917,131.45999999999916,131.66999999999916,499
2026-05-13T17:00:00+00:00,131.66999999999916,132.08999999999918,131.5799999999992,131.83999999999918,544
2026-05-13T17:15:00+00:00,131.83999999999918,131.88999999999922,131.6799999999992,131.8399999999992,483
2026-05-13T17:30:00+00:00,131.8399999999992,132.01999999999924,131.7499999999992,131.93999999999926,485
2026-05-13T17:45:00+00:00,131.93999999999926,132.01999999999927,131.65999999999923,131.65999999999923,529
2026-05-13T18:00:00+00:00,131.65999999999923,131.71999999999923,131.29999999999922,131.38999999999925,543
2026-05-13T18:15:00+00:00,131.38999999999925,131.46999999999926,131.0399999999992,131.0799999999992,550
2026-05-13T18:30:00+00:00,131.0799999999992,131.1299999999992,130.62999999999914,130.62999999999914,595
2026-05-13T18:45:00+00:00,130.62999999999914,130.93999999999915,130.61999999999912,130.77999999999915,615
2026-05-13T19:00:00+00:00,130.77999999999915,131.25999999999917,130.74999999999915,131.18999999999917,541
2026-05-13T19:15:00+00:00,131.18999999999917,131.2699999999992,130.6899999999992,130.72999999999922,553
2026-05-13T19:30:00+00:00,130.72999999999922,130.96999999999923,130.58999999999924,130.64999999999924,637
2026-05-13T19:45:00+00:00,130.64999999999924,130.80999999999926,130.3999999999993,130.49999999999926,1217
2026-05-14T13:30:00+00:00,130.49999999999926,132.43999999999932,130.49999999999926,131.34999999999923,607
2026-05-14T13:45:00+00:00,131.34999999999923,131.8899999999992,131.06999999999923,131.6399999999992,531
2026-05-14T14:00:00+00:00,131.6399999999992,131.6399999999992,131.06999999999917,131.18999999999917,682
2026-05-14T14:15:00+00:00,131.18999999999917,131.46999999999917,130.62999999999914,130.96999999999912,608
2026-05-14T14:30:00+00:00,130.96999999999912,131.13999999999913,130.71999999999912,130.96999999999912,640
2026-05-14T14:45:00+00:00,130.96999999999912,131.60999999999905,130.8699999999991,131.44999999999908,809
2026-05-14T15:00:00+00:00,131.44999999999908,131.6699999999991,131.4099999999991,131.5199999999991,752
2026-05-14T15:15:00+00:00,131.5199999999991,131.6499999999991,131.33999999999912,131.43999999999906,645
2026-05-14T15:30:00+00:00,131.43999999999906,131.52999999999906,131.10999999999908,131.25999999999908,706
2026-05-14T15:45:00+00:00,131.25999999999908,131.50999999999908,131.23999999999904,131.38999999999905,646
2026-05-14T16:00:00+00:00,131.38999999999905,131.59999999999906,131.36999999999904,131.50999999999908,467
2026-05-14T16:15:00+00:00,131.50999999999908,131.64999999999907,131.1199999999991,131.13999999999908,637
2026-05-14T16:30:00+00:00,131.13999999999908,131.2499999999991,130.84999999999908,130.8699999999991,590
2026-05-14T16:45:00+00:00,130.8699999999991,130.8699999999991,129.88999999999908,130.0499999999991,880
2026-05-14T17:00:00+00:00,130.0499999999991,130.6799999999991,130.00999999999908,130.63999999999908,873
2026-05-14T17:15:00+00:00,130.63999999999908,130.84999999999906,130.4999999999991,130.62999999999906,1054
2026-05-14T17:30:00+00:00,130.62999999999906,131.05999999999906,130.61999999999904,130.96999999999906,721
2026-05-14T17:45:00+00:00,130.96999999999906,131.13999999999905,130.90999999999906,130.97999999999905,648
2026-05-14T18:00:00+00:00,130.97999999999905,131.46999999999912,130.89999999999907,131.44999999999914,790
2026-05-14T18:15:00+00:00,131.44999999999914,131.6499999999992,131.35999999999916,131.51999999999924,682
2026-05-14T18:30:00+00:00,131.51999999999924,131.7599999999992,131.48999999999924,131.7399999999992,538
2026-05-14T18:45:00+00:00,131.7399999999992,131.79999999999922,131.63999999999922,131.7099999999992,399
2026-05-14T19:00:00+00:00,131.7099999999992,131.7999999999992,131.65999999999917,131.68999999999917,453
2026-05-14T19:15:00+00:00,131.68999999999917,131.83999999999918,131.66999999999916,131.70999999999924,469
2026-05-14T19:30:00+00:00,131.70999999999924,131.8199999999992,131.33999999999918,131.33999999999918,679
2026-05-14T19:45:00+00:00,131.33999999999918,131.55999999999915,131.04999999999922,131.2799999999992,1240
2026-05-15T13:30:00+00:00,131.2799999999992,131.2799999999992,129.51999999999924,129.83999999999924,581
2026-05-15T13:45:00+00:00,129.83999999999924,130.34999999999923,129.54999999999927,129.9299999999992,658
2026-05-15T14:00:00+00:00,129.9299999999992,130.46999999999923,129.91999999999922,130.31999999999925,736
2026-05-15T14:15:00+00:00,130.31999999999925,130.60999999999925,129.84999999999926,130.11999999999927,887
2026-05-15T14:30:00+00:00,130.11999999999927,130.32999999999925,129.8099999999992,129.84999999999923,634
2026-05-15T14:45:00+00:00,129.84999999999923,130.0199999999993,129.62999999999926,129.9499999999993,779.1720990873533
2026-05-15T15:00:00+00:00,129.9499999999993,130.2899999999993,129.8099999999993,130.1499999999993,1051
2026-05-15T15:15:00+00:00,130.1499999999993,130.2699999999993,129.74999999999937,129.84999999999934,888
2026-05-15T15:30:00+00:00,129.84999999999934,130.14999999999932,129.7999999999993,129.84999999999928,1605
2026-05-15T15:45:00+00:00,129.84999999999928,129.98999999999927,129.6799999999993,129.7599999999993,992
2026-05-15T16:00:00+00:00,129.7599999999993,129.8199999999993,129.10999999999927,129.5199999999993,902
2026-05-15T16:15:00+00:00,129.5199999999993,129.8399999999993,129.41999999999928,129.8199999999993,724
2026-05-15T16:30:00+00:00,129.8199999999993,130.15999999999934,129.74999999999932,130.10999999999936,682
2026-05-15T16:45:00+00:00,130.10999999999936,130.21999999999943,129.93999999999943,130.21999999999943,609
2026-05-15T17:00:00+00:00,130.21999999999943,130.26999999999944,129.93999999999943,129.94999999999945,535
2026-05-15T17:15:00+00:00,129.94999999999945,130.34999999999945,129.8699999999995,130.10999999999947,591
2026-05-15T17:30:00+00:00,130.10999999999947,130.1799999999995,129.71999999999946,129.93999999999943,749
2026-05-15T17:45:00+00:00,129.93999999999943,130.04999999999941,129.79999999999944,129.9799999999994,582
2026-05-15T18:00:00+00:00,129.9799999999994,130.22999999999936,129.89999999999935,130.00999999999937,574
2026-05-15T18:15:00+00:00,130.00999999999937,130.03999999999937,129.7099999999994,129.88999999999942,630
2026-05-15T18:30:00+00:00,129.88999999999942,129.91999999999945,129.71999999999946,129.79999999999947,661
2026-05-15T18:45:00+00:00,129.79999999999947,130.08999999999952,129.6899999999995,130.05999999999952,609
2026-05-15T19:00:00+00:00,130.05999999999952,130.19999999999948,129.92999999999955,130.1699999999995,485
2026-05-15T19:15:00+00:00,130.1699999999995,130.25999999999945,129.98999999999944,130.02999999999946,592
2026-05-15T19:30:00+00:00,130.02999999999946,130.14999999999947,129.85999999999947,130.04999999999947,661
2026-05-15T19:45:00+00:00,130.04999999999947,130.19999999999948,129.56999999999954,129.78999999999954,1361
2026-05-18T13:30:00+00:00,129.78999999999954,130.36999999999955,128.91999999999953,130.21999999999952,718
2026-05-18T13:45:00+00:00,130.21999999999952,130.81999999999954,129.7999999999995,130.52999999999952,1033
2026-05-18T14:00:00+00:00,130.52999999999952,130.6699999999995,129.9499999999995,130.13999999999947,1149
2026-05-18T14:15:00+00:00,130.13999999999947,130.48999999999944,130.09999999999945,130.41999999999945,611
2026-05-18T14:30:00+00:00,130.41999999999945,130.48999999999944,129.66999999999945,129.70999999999944,1163
2026-05-18T14:45:00+00:00,129.70999999999944,130.07999999999942,129.63999999999942,129.80999999999938,1493
2026-05-18T15:00:00+00:00,129.80999999999938,129.99999999999937,129.0299999999994,129.0899999999994,1808
2026-05-18T15:15:00+00:00,129.0899999999994,129.37999999999943,129.0199999999994,129.32999999999942,1405
2026-05-18T15:30:00+00:00,129.32999999999942,129.73999999999944,129.2199999999994,129.57999999999947,1212
2026-05-18T15:45:00+00:00,129.57999999999947,129.8799999999995,129.5299999999995,129.54999999999956,919
2026-05-18T16:00:00+00:00,129.54999999999956,129.60999999999956,129.33999999999958,129.4399999999996,1008
2026-05-18T16:15:00+00:00,129.4399999999996,129.7599999999996,129.20999999999958,129.23999999999958,1511
2026-05-18T16:30:00+00:00,129.23999999999958,129.45999999999955,128.94999999999953,128.95999999999952,1160
2026-05-18T16:45:00+00:00,128.95999999999952,129.25999999999948,128.86999999999952,129.08999999999946,780
2026-05-18T17:00:00+00:00,129.08999999999946,129.24999999999943,128.99999999999943,129.19999999999942,781
2026-05-18T17:15:00+00:00,129.19999999999942,129.50999999999942,129.12999999999943,129.36999999999944,669
2026-05-18T17:30:00+00:00,129.36999999999944,129.39999999999944,128.95999999999947,128.95999999999947,604
2026-05-18T17:45:00+00:00,128.95999999999947,129.15999999999946,128.93999999999946,129.06999999999948,480
2026-05-18T18:00:00+00:00,129.06999999999948,129.08999999999946,128.70999999999952,128.74999999999955,828
2026-05-18T18:15:00+00:00,128.74999999999955,128.78999999999957,128.1999999999996,128.4299999999996,1055
2026-05-18T18:30:00+00:00,128.4299999999996,128.6999999999996,128.3799999999996,128.65999999999957,963
2026-05-18T18:45:00+00:00,128.65999999999957,128.7399999999996,128.51999999999958,128.6199999999996,744
2026-05-18T19:00:00+00:00,128.6199999999996,129.45999999999958,128.53999999999962,128.9399999999996,1486
2026-05-18T19:15:00+00:00,128.9399999999996,129.0699999999996,128.5799999999996,128.73999999999955,779
2026-05-18T19:30:00+00:00,128.73999999999955,128.99999999999955,128.62999999999954,128.87999999999954,950
2026-05-18T19:45:00+00:00,128.87999999999954,129.1799999999996,128.41999999999956,128.71999999999957,1540
2026-05-19T13:30:00+00:00,128.71999999999957,128.71999999999957,126.40999999999957,126.66999999999958,743
2026-05-19T13:45:00+00:00,126.66999999999958,127.53999999999958,126.47999999999958,126.87999999999957,1370
2026-05-19T14:00:00+00:00,126.87999999999957,127.26999999999957,126.40999999999957,127.22999999999958,1213
2026-05-19T14:15:00+00:00,127.22999999999958,127.64999999999958,127.20999999999958,127.31999999999958,1457
2026-05-19T14:30:00+00:00,127.31999999999958,127.66999999999958,127.19999999999958,127.50999999999958,1564
2026-05-19T14:45:00+00:00,127.50999999999958,127.53999999999958,126.99999999999957,127.07999999999957,1232
2026-05-19T15:00:00+00:00,127.07999999999957,127.09999999999957,126.79999999999957,126.88999999999957,1101
2026-05-19T15:15:00+00:00,126.88999999999957,127.04999999999957,126.46999999999957,126.67999999999958,998
2026-05-19T15:30:00+00:00,126.67999999999958,127.02999999999957,126.62999999999957,126.95999999999958,818
2026-05-19T15:45:00+00:00,126.95999999999958,127.10999999999957,126.74999999999957,126.78999999999958,781
2026-05-19T16:00:00+00:00,126.78999999999958,126.88999999999957,126.54999999999957,126.63999999999957,869
2026-05-19T16:15:00+00:00,126.63999999999957,127.15999999999957,126.50999999999958,127.03999999999958,788
2026-05-19T16:30:00+00:00,127.03999999999958,127.47999999999958,127.00999999999958,127.20999999999958,815
2026-05-19T16:45:00+00:00,127.20999999999958,127.37999999999957,127.10999999999957,127.26999999999957,587
2026-05-19T17:00:00+00:00,127.26999999999957,127.36999999999958,127.11999999999958,127.33999999999958,668
2026-05-19T17:15:00+00:00,127.33999999999958,127.60999999999957,127.31999999999958,127.54999999999957,548
2026-05-19T17:30:00+00:00,127.54999999999957,127.63999999999957,127.31999999999958,127.48999999999957,733
2026-05-19T17:45:00+00:00,127.48999999999957,127.51999999999957,127.25999999999958,127.27999999999957,489
2026-05-19T18:00:00+00:00,127.27999999999957,127.56999999999958,127.14999999999958,127.51999999999957,525
2026-05-19T18:15:00+00:00,127.51999999999957,127.53999999999958,127.24999999999957,127.25999999999958,641
2026-05-19T18:30:00+00:00,127.25999999999958,127.40999999999957,127.14999999999958,127.39999999999958,534
2026-05-19T18:45:00+00:00,127.39999999999958,127.39999999999958,126.70999999999958,126.75999999999958,637
2026-05-19T19:00:00+00:00,126.75999999999958,126.94999999999958,126.72999999999958,126.90999999999957,634
2026-05-19T19:15:00+00:00,126.90999999999957,127.01999999999957,126.56999999999958,126.64999999999958,645
2026-05-19T19:30:00+00:00,126.64999999999958,126.67999999999958,126.29999999999957,126.47999999999958,731
2026-05-19T19:45:00+00:00,126.47999999999958,126.61999999999958,126.14999999999958,126.43999999999957,1320
2026-05-20T13:30:00+00:00,126.43999999999957,127.64999999999958,126.25999999999958,127.30999999999958,1166
2026-05-20T13:45:00+00:00,127.30999999999958,128.15999999999957,127.30999999999958,127.97999999999959,1138
2026-05-20T14:00:00+00:00,127.97999999999959,128.59999999999957,127.84999999999958,128.48999999999955,1142
2026-05-20T14:15:00+00:00,128.48999999999955,129.9899999999996,128.46999999999957,129.59999999999962,2370
2026-05-20T14:30:00+00:00,129.59999999999962,130.15999999999963,129.58999999999963,130.07999999999964,2077
2026-05-20T14:45:00+00:00,130.07999999999964,130.68999999999957,129.91999999999962,130.50999999999954,1469.057612267251
2026-05-20T15:00:00+00:00,130.50999999999954,130.66999999999956,130.37999999999954,130.47999999999956,1142
2026-05-20T15:15:00+00:00,130.47999999999956,131.38999999999956,130.33999999999958,130.87999999999957,1815
2026-05-20T15:30:00+00:00,130.87999999999957,131.3199999999996,130.83999999999958,131.25999999999954,1208
2026-05-20T15:45:00+00:00,131.25999999999954,131.56999999999954,131.14999999999952,131.20999999999955,1102
2026-05-20T16:00:00+00:00,131.20999999999955,131.3499999999995,131.05999999999955,131.22999999999954,729
2026-05-20T16:15:00+00:00,131.22999999999954,131.24999999999955,130.86999999999952,130.94999999999953,871
2026-05-20T16:30:00+00:00,130.94999999999953,131.29999999999959,130.87999999999954,131.2899999999996,779
2026-05-20T16:45:00+00:00,131.2899999999996,131.32999999999964,130.9999999999996,131.2399999999996,682
2026-05-20T17:00:00+00:00,131.2399999999996,131.25999999999962,130.91999999999962,130.95999999999964,625
2026-05-20T17:15:00+00:00,130.95999999999964,131.39999999999964,130.93999999999963,131.3399999999996,1065
2026-05-20T17:30:00+00:00,131.3399999999996,131.4599999999996,131.2299999999996,131.29999999999967,789
2026-05-20T17:45:00+00:00,131.29999999999967,131.4999999999996,131.16999999999962,131.33999999999963,563
2026-05-20T18:00:00+00:00,131.33999999999963,131.66999999999962,131.07999999999964,131.40999999999957,793
2026-05-20T18:15:00+00:00,131.40999999999957,131.4499999999996,131.0799999999996,131.09999999999954,540
2026-05-20T18:30:00+00:00,131.09999999999954,131.41999999999956,130.9499999999996,130.9499999999996,588
2026-05-20T18:45:00+00:00,130.9499999999996,131.16999999999956,130.9199999999996,130.9499999999996,525
2026-05-20T19:00:00+00:00,130.9499999999996,131.26999999999958,130.9499999999996,131.03999999999957,615
2026-05-20T19:15:00+00:00,131.03999999999957,131.33999999999955,131.02999999999957,131.28999999999957,586
2026-05-20T19:30:00+00:00,131.28999999999957,131.5099999999996,131.21999999999957,131.3099999999996,621
2026-05-20T19:45:00+00:00,131.3099999999996,131.5499999999996,130.92999999999964,131.22999999999962,1059
2026-05-21T13:30:00+00:00,131.22999999999962,131.27999999999963,128.96999999999963,130.4299999999996,620
2026-05-21T13:45:00+00:00,130.4299999999996,131.83999999999958,130.1799999999996,131.65999999999957,645
2026-05-21T14:00:00+00:00,131.65999999999957,131.73999999999958,131.21999999999957,131.32999999999956,1140
2026-05-21T14:15:00+00:00,131.32999999999956,131.48999999999955,131.05999999999955,131.10999999999956,1436
2026-05-21T14:30:00+00:00,131.10999999999956,131.26999999999956,130.42999999999955,130.49999999999955,1208
2026-05-21T14:45:00+00:00,130.49999999999955,130.59999999999954,130.2599999999996,130.40999999999957,1280
2026-05-21T15:00:00+00:00,130.40999999999957,130.60999999999962,129.9999999999996,130.3999999999996,1300
2026-05-21T15:15:00+00:00,130.3999999999996,130.4699999999996,130.05999999999955,130.06999999999957,1156
2026-05-21T15:30:00+00:00,130.06999999999957,130.14999999999958,129.88999999999956,130.11999999999955,864
2026-05-21T15:45:00+00:00,130.11999999999955,130.20999999999955,129.87999999999954,129.93999999999954,631
2026-05-21T16:00:00+00:00,129.93999999999954,130.04999999999956,129.82999999999953,129.9899999999995,614
2026-05-21T16:15:00+00:00,129.9899999999995,129.9899999999995,129.6899999999995,129.68999999999951,447
2026-05-21T16:30:00+00:00,129.68999999999951,129.9199999999995,129.68999999999951,129.79999999999947,455
2026-05-21T16:45:00+00:00,129.79999999999947,129.8699999999995,129.6799999999995,129.84999999999948,403
2026-05-21T17:00:00+00:00,129.84999999999948,130.42999999999955,129.7799999999995,130.25999999999954,1129
2026-05-21T17:15:00+00:00,130.25999999999954,130.9199999999995,130.19999999999953,130.9199999999995,1615
2026-05-21T17:30:00+00:00,130.9199999999995,131.39999999999947,130.8599999999995,131.26999999999947,1108
2026-05-21T17:45:00+00:00,131.26999999999947,131.7299999999995,131.25999999999948,131.44999999999953,867
2026-05-21T18:00:00+00:00,131.44999999999953,131.56999999999954,131.2899999999995,131.49999999999952,1114
2026-05-21T18:15:00+00:00,131.49999999999952,131.7399999999995,131.42999999999952,131.6099999999995,807
2026-05-21T18:30:00+00:00,131.6099999999995,131.65999999999948,131.47999999999948,131.63999999999942,468
2026-05-21T18:45:00+00:00,131.63999999999942,131.6499999999994,130.7799999999994,130.9999999999994,1527
2026-05-21T19:00:00+00:00,130.9999999999994,131.23999999999944,130.98999999999938,131.15999999999946,629
2026-05-21T19:15:00+00:00,131.15999999999946,131.29999999999953,131.05999999999946,131.16999999999953,581
2026-05-21T19:30:00+00:00,131.16999999999953,131.47999999999956,131.16999999999953,131.2999999999995,525
2026-05-21T19:45:00+00:00,131.2999999999995,131.63999999999953,131.19999999999953,131.57999999999956,1107
2026-05-22T13:30:00+00:00,131.57999999999956,132.74999999999955,131.40999999999957,131.89999999999958,706
2026-05-22T13:45:00+00:00,131.89999999999958,132.15999999999957,131.54999999999953,131.59999999999957,820
2026-05-22T14:00:00+00:00,131.59999999999957,132.0799999999996,131.40999999999957,131.4499999999996,987
2026-05-22T14:15:00+00:00,131.4499999999996,131.6899999999996,131.4499999999996,131.5699999999996,690
2026-05-22T14:30:00+00:00,131.5699999999996,131.83999999999958,131.26999999999958,131.64999999999958,668
2026-05-22T14:45:00+00:00,131.64999999999958,131.94999999999953,131.54999999999953,131.76999999999953,742.6099635479952
2026-05-22T15:00:00+00:00,131.76999999999953,131.85999999999956,131.44999999999953,131.53999999999954,560
2026-05-22T15:15:00+00:00,131.53999999999954,131.82999999999953,131.46999999999954,131.75999999999948,624
2026-05-22T15:30:00+00:00,131.75999999999948,131.81999999999948,131.52999999999952,131.66999999999945,553
2026-05-22T15:45:00+00:00,131.66999999999945,131.78999999999945,131.59999999999945,131.63999999999945,390
2026-05-22T16:00:00+00:00,131.63999999999945,131.66999999999945,131.47999999999945,131.48999999999944,440
2026-05-22T16:15:00+00:00,131.48999999999944,131.79999999999944,131.44999999999945,131.75999999999945,381
2026-05-22T16:30:00+00:00,131.75999999999945,132.11999999999946,131.74999999999946,132.06999999999948,451
2026-05-22T16:45:00+00:00,132.06999999999948,132.16999999999948,131.85999999999947,131.85999999999947,416
2026-05-22T17:00:00+00:00,131.85999999999947,132.09999999999948,131.85999999999947,131.96999999999946,383
2026-05-22T17:15:00+00:00,131.96999999999946,132.49999999999943,131.80999999999943,132.48999999999944,660
2026-05-22T17:30:00+00:00,132.48999999999944,132.51999999999944,132.09999999999945,132.11999999999944,687
2026-05-22T17:45:00+00:00,132.11999999999944,132.17999999999944,131.9699999999994,132.0099999999994,426
2026-05-22T18:00:00+00:00,132.0099999999994,132.12999999999943,131.76999999999936,131.77999999999938,435
2026-05-22T18:15:00+00:00,131.77999999999938,131.95999999999935,131.73999999999938,131.7599999999994,393
2026-05-22T18:30:00+00:00,131.7599999999994,131.9099999999994,131.64999999999938,131.69999999999942,405
2026-05-22T18:45:00+00:00,131.69999999999942,131.88999999999942,131.66999999999942,131.79999999999944,279
2026-05-22T19:00:00+00:00,131.79999999999944,131.82999999999944,131.47999999999945,131.7099999999994,436
2026-05-22T19:15:00+00:00,131.7099999999994,131.73999999999944,131.54999999999944,131.57999999999942,394
2026-05-22T19:30:00+00:00,131.57999999999942,131.72999999999945,131.46999999999946,131.57999999999944,463
2026-05-22T19:45:00+00:00,131.57999999999944,131.57999999999944,131.26999999999944,131.49999999999943,839
2026-05-26T13:30:00+00:00,131.49999999999943,133.74999999999943,131.49999999999943,133.14999999999944,1153
2026-05-26T13:45:00+00:00,133.14999999999944,133.38999999999942,132.92999999999944,133.18999999999943,1961
2026-05-26T14:00:00+00:00,133.18999999999943,133.4399999999995,132.8999999999994,132.97999999999945,2181
2026-05-26T14:15:00+00:00,132.97999999999945,133.25999999999948,132.74999999999943,132.77999999999946,1971
2026-05-26T14:30:00+00:00,132.77999999999946,133.0299999999995,132.44999999999948,132.64999999999944,1795
2026-05-26T14:45:00+00:00,132.64999999999944,132.7999999999994,132.26999999999936,132.58999999999935,1610
2026-05-26T15:00:00+00:00,132.58999999999935,132.58999999999935,132.27999999999938,132.4599999999994,1652
2026-05-26T15:15:00+00:00,132.4599999999994,132.7399999999994,132.19999999999942,132.19999999999942,1700
2026-05-26T15:30:00+00:00,132.19999999999942,132.41999999999942,132.13999999999942,132.3399999999994,1604
2026-05-26T15:45:00+00:00,132.3399999999994,132.43999999999943,132.24999999999943,132.3099999999994,1428
2026-05-26T16:00:00+00:00,132.3099999999994,132.6699999999994,132.2999999999994,132.62999999999937,1334
2026-05-26T16:15:00+00:00,132.62999999999937,132.72999999999936,132.4799999999994,132.57999999999936,1007
2026-05-26T16:30:00+00:00,132.57999999999936,132.57999999999936,132.32999999999927,132.39999999999924,760
2026-05-26T16:45:00+00:00,132.39999999999924,132.42999999999927,132.11999999999924,132.11999999999924,639
2026-05-26T17:00:00+00:00,132.11999999999924,132.32999999999925,132.10999999999925,132.2699999999993,954
2026-05-26T17:15:00+00:00,132.2699999999993,132.2799999999993,132.0499999999993,132.08999999999926,881
2026-05-26T17:30:00+00:00,132.08999999999926,132.1499999999993,131.98999999999933,132.03999999999934,639
2026-05-26T17:45:00+00:00,132.03999999999934,132.12999999999934,131.77999999999935,131.77999999999935,498
2026-05-26T18:00:00+00:00,131.77999999999935,131.9199999999993,131.6999999999993,131.9099999999993,613
2026-05-26T18:15:00+00:00,131.9099999999993,132.09999999999928,131.8999999999993,131.95999999999924,531
2026-05-26T18:30:00+00:00,131.95999999999924,132.07999999999925,131.76999999999924,131.9599999999992,486
2026-05-26T18:45:00+00:00,131.9599999999992,132.08999999999918,131.79999999999922,131.83999999999918,639
2026-05-26T19:00:00+00:00,131.83999999999918,131.8899999999992,131.6499999999992,131.67999999999924,545
2026-05-26T19:15:00+00:00,131.67999999999924,131.89999999999924,131.65999999999923,131.83999999999924,546
2026-05-26T19:30:00+00:00,131.83999999999924,132.62999999999926,131.83999999999924,132.60999999999925,791
2026-05-26T19:45:00+00:00,132.60999999999925,133.27999999999926,132.24999999999926,133.25999999999925,1582
2026-05-27T13:30:00+00:00,133.25999999999925,133.98999999999927,131.19999999999928,131.2199999999993,886
2026-05-27T13:45:00+00:00,131.2199999999993,132.0899999999993,131.1999999999993,131.4599999999993,1266
2026-05-27T14:00:00+00:00,131.4599999999993,131.8299999999993,130.90999999999934,131.56999999999925,1105
2026-05-27T14:15:00+00:00,131.56999999999925,132.24999999999926,131.48999999999927,132.13999999999925,920
2026-05-27T14:30:00+00:00,132.13999999999925,132.60999999999927,132.0299999999993,132.06999999999925,1287
2026-05-27T14:45:00+00:00,132.06999999999925,132.45999999999927,131.92999999999927,132.16999999999933,1720.5639763779527
2026-05-27T15:00:00+00:00,132.16999999999933,132.58999999999935,132.03999999999934,132.17999999999932,1278
2026-05-27T15:15:00+00:00,132.17999999999932,132.18999999999932,131.2099999999993,131.2199999999993,1896
2026-05-27T15:30:00+00:00,131.2199999999993,131.4699999999993,130.95999999999933,131.31999999999937,1778
2026-05-27T15:45:00+00:00,131.31999999999937,131.74999999999937,131.17999999999938,131.70999999999935,1204
2026-05-27T16:00:00+00:00,131.70999999999935,131.76999999999936,131.36999999999932,131.41999999999933,932
2026-05-27T16:15:00+00:00,131.41999999999933,131.52999999999935,131.27999999999935,131.32999999999936,623
2026-05-27T16:30:00+00:00,131.32999999999936,131.55999999999935,131.10999999999936,131.2799999999994,844
2026-05-27T16:45:00+00:00,131.2799999999994,131.3399999999994,130.93999999999937,130.9599999999994,604
2026-05-27T17:00:00+00:00,130.9599999999994,131.13999999999942,130.85999999999945,131.05999999999943,729
2026-05-27T17:15:00+00:00,131.05999999999943,131.37999999999943,131.0199999999994,131.33999999999943,468
2026-05-27T17:30:00+00:00,131.33999999999943,131.6599999999994,131.27999999999943,131.48999999999944,479
2026-05-27T17:45:00+00:00,131.48999999999944,131.7499999999994,131.27999999999946,131.7199999999994,578
2026-05-27T18:00:00+00:00,131.7199999999994,131.7699999999994,131.23999999999938,131.3599999999994,537
2026-05-27T18:15:00+00:00,131.3599999999994,131.3999999999994,131.20999999999935,131.2299999999994,459
2026-05-27T18:30:00+00:00,131.2299999999994,131.45999999999935,131.21999999999937,131.41999999999933,466
2026-05-27T18:45:00+00:00,131.41999999999933,131.64999999999938,131.38999999999933,131.56999999999937,472
2026-05-27T19:00:00+00:00,131.56999999999937,131.74999999999935,131.52999999999938,131.65999999999934,426
2026-05-27T19:15:00+00:00,131.65999999999934,131.67999999999935,131.41999999999933,131.49999999999932,485
2026-05-27T19:30:00+00:00,131.49999999999932,131.6599999999993,131.33999999999926,131.5899999999993,549
2026-05-27T19:45:00+00:00,131.5899999999993,131.83999999999935,131.30999999999932,131.81999999999934,1050
2026-05-28T13:30:00+00:00,131.81999999999934,131.81999999999934,130.50999999999934,131.37999999999937,976
2026-05-28T13:45:00+00:00,131.37999999999937,131.74999999999937,130.93999999999937,130.99999999999937,1666
2026-05-28T14:00:00+00:00,130.99999999999937,131.4199999999994,129.98999999999938,130.9599999999994,2001
2026-05-28T14:15:00+00:00,130.9599999999994,130.9999999999994,130.37999999999937,130.42999999999938,1996
2026-05-28T14:30:00+00:00,130.42999999999938,130.53999999999934,129.63999999999936,130.26999999999936,1711
2026-05-28T14:45:00+00:00,130.26999999999936,130.80999999999938,130.19999999999936,130.60999999999945,1467
2026-05-28T15:00:00+00:00,130.60999999999945,131.16999999999945,130.58999999999946,131.04999999999944,1278
2026-05-28T15:15:00+00:00,131.04999999999944,131.07999999999944,130.63999999999942,130.8299999999994,890
2026-05-28T15:30:00+00:00,130.8299999999994,130.8399999999994,130.51999999999936,130.6599999999994,918
2026-05-28T15:45:00+00:00,130.6599999999994,130.76999999999938,130.43999999999937,130.43999999999937,731
2026-05-28T16:00:00+00:00,130.43999999999937,130.53999999999942,130.32999999999942,130.3599999999994,525
2026-05-28T16:15:00+00:00,130.3599999999994,130.4699999999994,130.0999999999994,130.24999999999943,887
2026-05-28T16:30:00+00:00,130.24999999999943,130.3499999999994,130.1199999999994,130.13999999999942,534
2026-05-28T16:45:00+00:00,130.13999999999942,130.62999999999943,130.11999999999944,130.50999999999948,744
2026-05-28T17:00:00+00:00,130.50999999999948,130.6899999999995,130.3699999999995,130.3699999999995,624
2026-05-28T17:15:00+00:00,130.3699999999995,130.37999999999948,130.1099999999995,130.1899999999995,581
2026-05-28T17:30:00+00:00,130.1899999999995,130.4299999999995,130.1499999999995,130.28999999999954,412
2026-05-28T17:45:00+00:00,130.28999999999954,130.52999999999957,130.24999999999955,130.51999999999958,569
2026-05-28T18:00:00+00:00,130.51999999999958,130.6799999999996,130.40999999999957,130.4599999999996,459
2026-05-28T18:15:00+00:00,130.4599999999996,130.60999999999962,130.3499999999996,130.51999999999964,509
2026-05-28T18:30:00+00:00,130.51999999999964,130.55999999999963,130.40999999999963,130.45999999999967,411
2026-05-28T18:45:00+00:00,130.45999999999967,130.75999999999962,130.43999999999966,130.70999999999964,517
2026-05-28T19:00:00+00:00,130.70999999999964,131.1199999999996,130.70999999999964,131.08999999999958,393
2026-05-28T19:15:00+00:00,131.08999999999958,131.33999999999958,131.0799999999996,131.28999999999957,497
2026-05-28T19:30:00+00:00,131.28999999999957,131.34999999999957,131.15999999999957,131.24999999999955,505
2026-05-28T19:45:00+00:00,131.24999999999955,131.30999999999955,130.93999999999954,131.02999999999952,941
2026-05-29T13:30:00+00:00,131.02999999999952,131.36999999999958,129.93999999999954,131.11999999999958,620
2026-05-29T13:45:00+00:00,131.11999999999958,131.37999999999957,131.0099999999996,131.0099999999996,875
2026-05-29T14:00:00+00:00,131.0099999999996,131.1999999999996,130.82999999999956,131.01999999999958,918
2026-05-29T14:15:00+00:00,131.01999999999958,131.22999999999962,130.9999999999996,131.1099999999996,633
2026-05-29T14:30:00+00:00,131.1099999999996,131.45999999999952,131.05999999999958,131.42999999999952,683
2026-05-29T14:45:00+00:00,131.42999999999952,132.3099999999995,131.3499999999995,132.0199999999995,1280.2448537378114
2026-05-29T15:00:00+00:00,132.0199999999995,132.67999999999955,132.0199999999995,132.66999999999953,1020
2026-05-29T15:15:00+00:00,132.66999999999953,133.22999999999956,132.66999999999953,133.08999999999955,789
2026-05-29T15:30:00+00:00,133.08999999999955,133.29999999999956,132.90999999999954,132.93999999999951,891
2026-05-29T15:45:00+00:00,132.93999999999951,132.98999999999953,132.67999999999952,132.76999999999947,591
2026-05-29T16:00:00+00:00,132.76999999999947,133.05999999999952,132.70999999999947,133.05999999999952,555
2026-05-29T16:15:00+00:00,133.05999999999952,133.13999999999953,132.88999999999953,132.99999999999955,405
2026-05-29T16:30:00+00:00,132.99999999999955,133.21999999999954,132.87999999999954,133.02999999999955,481
2026-05-29T16:45:00+00:00,133.02999999999955,133.16999999999956,132.89999999999955,132.90999999999954,346
2026-05-29T17:00:00+00:00,132.90999999999954,133.03999999999957,132.61999999999955,132.70999999999952,293
2026-05-29T17:15:00+00:00,132.70999999999952,132.9499999999995,132.70999999999952,132.8099999999995,407
2026-05-29T17:30:00+00:00,132.8099999999995,132.83999999999952,132.54999999999944,132.55999999999946,318
2026-05-29T17:45:00+00:00,132.55999999999946,132.72999999999948,132.53999999999945,132.65999999999946,332
2026-05-29T18:00:00+00:00,132.65999999999946,132.78999999999948,132.59999999999945,132.69999999999948,261
2026-05-29T18:15:00+00:00,132.69999999999948,133.01999999999947,132.69999999999948,132.87999999999948,388
2026-05-29T18:30:00+00:00,132.87999999999948,133.08999999999952,132.68999999999946,132.69999999999948,434
2026-05-29T18:45:00+00:00,132.69999999999948,132.75999999999954,132.44999999999948,132.70999999999952,590
2026-05-29T19:00:00+00:00,132.70999999999952,132.78999999999954,132.58999999999952,132.6199999999995,420
2026-05-29T19:15:00+00:00,132.6199999999995,132.89999999999952,132.43999999999954,132.8699999999995,466
2026-05-29T19:30:00+00:00,132.8699999999995,133.1199999999995,132.40999999999948,132.40999999999948,965
2026-05-29T19:45:00+00:00,132.40999999999948,132.62999999999948,132.10999999999953,132.33999999999952,1298
2026-06-01T13:30:00+00:00,132.33999999999952,132.86999999999955,129.94999999999953,132.59999999999957,1128
2026-06-01T13:45:00+00:00,132.59999999999957,133.01999999999956,131.95999999999955,132.92999999999955,1478
2026-06-01T14:00:00+00:00,132.92999999999955,133.3799999999995,132.83999999999955,133.0599999999995,1663
2026-06-01T14:15:00+00:00,133.0599999999995,133.40999999999954,132.9499999999996,133.18999999999957,1509
2026-06-01T14:30:00+00:00,133.18999999999957,133.24999999999957,132.64999999999958,132.65999999999957,1490
2026-06-01T14:45:00+00:00,132.65999999999957,132.9999999999996,132.33999999999958,132.96999999999957,1242
2026-06-01T15:00:00+00:00,132.96999999999957,133.52999999999957,132.86999999999958,133.36999999999955,1093
2026-06-01T15:15:00+00:00,133.36999999999955,133.97999999999956,133.24999999999955,133.80999999999958,985
2026-06-01T15:30:00+00:00,133.80999999999958,134.19999999999956,133.80999999999958,134.10999999999956,1399
2026-06-01T15:45:00+00:00,134.10999999999956,134.14999999999958,133.77999999999952,133.80999999999952,929
2026-06-01T16:00:00+00:00,133.80999999999952,133.9699999999995,133.65999999999943,133.67999999999944,998
2026-06-01T16:15:00+00:00,133.67999999999944,134.00999999999942,133.60999999999945,133.73999999999944,844
2026-06-01T16:30:00+00:00,133.73999999999944,134.13999999999942,133.70999999999944,134.05999999999943,763
2026-06-01T16:45:00+00:00,134.05999999999943,134.12999999999943,133.88999999999942,133.93999999999943,847
2026-06-01T17:00:00+00:00,133.93999999999943,134.00999999999945,133.75999999999945,133.81999999999942,798
2026-06-01T17:15:00+00:00,133.81999999999942,134.14999999999935,133.7099999999994,134.12999999999934,599
2026-06-01T17:30:00+00:00,134.12999999999934,134.4699999999993,134.02999999999935,134.1999999999993,1202
2026-06-01T17:45:00+00:00,134.1999999999993,134.64999999999938,134.04999999999933,134.59999999999937,927
2026-06-01T18:00:00+00:00,134.59999999999937,134.8299999999994,134.55999999999938,134.78999999999937,493
2026-06-01T18:15:00+00:00,134.78999999999937,135.01999999999938,134.71999999999937,134.8299999999994,426
2026-06-01T18:30:00+00:00,134.8299999999994,134.9199999999994,134.58999999999938,134.86999999999938,491
2026-06-01T18:45:00+00:00,134.86999999999938,134.98999999999938,134.77999999999938,134.7999999999994,499
2026-06-01T19:00:00+00:00,134.7999999999994,134.8899999999994,134.6099999999994,134.62999999999937,708
2026-06-01T19:15:00+00:00,134.62999999999937,134.96999999999937,134.62999999999937,134.87999999999937,693
2026-06-01T19:30:00+00:00,134.87999999999937,135.24999999999937,134.8599999999994,135.0799999999994,706
2026-06-01T19:45:00+00:00,135.0799999999994,135.51999999999938,134.92999999999938,135.37999999999937,1186
2026-06-02T13:30:00+00:00,135.37999999999937,138.03999999999937,134.77999999999938,137.75999999999937,813
2026-06-02T13:45:00+00:00,137.75999999999937,138.50999999999937,137.20999999999938,137.40999999999937,1490
2026-06-02T14:00:00+00:00,137.40999999999937,137.46999999999937,136.24999999999937,136.24999999999937,1497
2026-06-02T14:15:00+00:00,136.24999999999937,136.26999999999938,135.52999999999938,136.03999999999937,1835
2026-06-02T14:30:00+00:00,136.03999999999937,137.27999999999938,136.01999999999938,137.02999999999938,1747
2026-06-02T14:45:00+00:00,137.02999999999938,138.3599999999994,136.95999999999938,138.28999999999937,1683
2026-06-02T15:00:00+00:00,138.28999999999937,138.89999999999938,138.21999999999937,138.43999999999937,1655
2026-06-02T15:15:00+00:00,138.43999999999937,138.6699999999994,138.27999999999938,138.37999999999937,1320
2026-06-02T15:30:00+00:00,138.37999999999937,138.59999999999937,138.01999999999938,138.18999999999937,1180
2026-06-02T15:45:00+00:00,138.18999999999937,138.37999999999937,137.8299999999994,137.92999999999938,1044
2026-06-02T16:00:00+00:00,137.92999999999938,137.95999999999938,137.52999999999938,137.53999999999937,1085
2026-06-02T16:15:00+00:00,137.53999999999937,137.69999999999936,137.26999999999938,137.2999999999994,833
2026-06-02T16:30:00+00:00,137.2999999999994,137.6399999999994,137.26999999999938,137.3899999999994,874
2026-06-02T16:45:00+00:00,137.3899999999994,137.56999999999937,137.23999999999938,137.46999999999937,726
2026-06-02T17:00:00+00:00,137.46999999999937,137.74999999999937,137.36999999999938,137.40999999999937,736
2026-06-02T17:15:00+00:00,137.40999999999937,137.49999999999937,137.25999999999937,137.28999999999937,574
2026-06-02T17:30:00+00:00,137.28999999999937,137.65999999999937,137.28999999999937,137.55999999999938,470
2026-06-02T17:45:00+00:00,137.55999999999938,137.61999999999938,137.39999999999938,137.43999999999937,383
2026-06-02T18:00:00+00:00,137.43999999999937,137.71999999999937,137.40999999999937,137.65999999999937,453
2026-06-02T18:15:00+00:00,137.65999999999937,137.92999999999938,137.64999999999938,137.8599999999994,486
2026-06-02T18:30:00+00:00,137.8599999999994,138.05999999999938,137.72999999999936,137.75999999999937,546
2026-06-02T18:45:00+00:00,137.75999999999937,137.87999999999937,137.61999999999938,137.72999999999936,586
2026-06-02T19:00:00+00:00,137.72999999999936,137.77999999999938,137.37999999999937,137.49999999999937,744
2026-06-02T19:15:00+00:00,137.49999999999937,137.95999999999938,137.48999999999938,137.80999999999938,577
2026-06-02T19:30:00+00:00,137.80999999999938,138.06999999999937,137.71999999999937,137.89999999999938,711
2026-06-02T19:45:00+00:00,137.89999999999938,138.14999999999938,137.6099999999994,137.80999999999938,1035
2026-06-03T13:30:00+00:00,137.80999999999938,137.94999999999936,136.05999999999938,136.72999999999936,964
2026-06-03T13:45:00+00:00,136.72999999999936,137.06999999999937,136.17999999999938,136.48999999999938,1469
2026-06-03T14:00:00+00:00,136.48999999999938,136.75999999999937,135.6699999999994,135.74999999999937,1738
2026-06-03T14:15:00+00:00,135.74999999999937,135.77999999999938,134.68999999999937,135.36999999999938,1881
2026-06-03T14:30:00+00:00,135.36999999999938,135.7999999999994,135.02999999999938,135.17999999999938,1664
2026-06-03T14:45:00+00:00,135.17999999999938,135.50999999999937,135.08999999999938,135.44999999999936,1354.3042291950887
2026-06-03T15:00:00+00:00,135.44999999999936,135.62999999999937,135.19999999999936,135.31999999999937,1436
2026-06-03T15:15:00+00:00,135.31999999999937,135.74999999999937,135.26999999999936,135.52999999999938,1285
2026-06-03T15:30:00+00:00,135.52999999999938,135.70999999999935,135.27999999999938,135.52999999999938,1595
2026-06-03T15:45:00+00:00,135.52999999999938,135.86999999999938,135.48999999999936,135.76999999999936,1276
2026-06-03T16:00:00+00:00,135.76999999999936,136.16999999999936,135.73999999999936,135.95999999999935,997
2026-06-03T16:15:00+00:00,135.95999999999935,136.44999999999936,135.93999999999937,136.41999999999936,1202
2026-06-03T16:30:00+00:00,136.41999999999936,136.51999999999936,136.22999999999936,136.40999999999937,837
2026-06-03T16:45:00+00:00,136.40999999999937,136.43999999999937,136.12999999999937,136.27999999999938,713
2026-06-03T17:00:00+00:00,136.27999999999938,136.58999999999938,136.27999999999938,136.37999999999937,862
2026-06-03T17:15:00+00:00,136.37999999999937,136.53999999999937,136.28999999999937,136.41999999999936,569
2026-06-03T17:30:00+00:00,136.41999999999936,136.82999999999936,136.33999999999938,136.70999999999935,643
2026-06-03T17:45:00+00:00,136.70999999999935,136.85999999999936,136.58999999999938,136.79999999999936,502
2026-06-03T18:00:00+00:00,136.79999999999936,136.95999999999935,136.61999999999938,136.89999999999938,706
2026-06-03T18:15:00+00:00,136.89999999999938,137.03999999999937,136.82999999999936,136.99999999999937,441
2026-06-03T18:30:00+00:00,136.99999999999937,137.08999999999938,136.82999999999936,136.92999999999935,677
2026-06-03T18:45:00+00:00,136.92999999999935,136.92999999999935,136.58999999999938,136.66999999999936,544
2026-06-03T19:00:00+00:00,136.66999999999936,136.70999999999935,136.35999999999936,136.47999999999936,598
2026-06-03T19:15:00+00:00,136.47999999999936,136.70999999999935,136.45999999999935,136.50999999999937,531
2026-06-03T19:30:00+00:00,136.50999999999937,136.58999999999938,136.10999999999936,136.11999999999938,1038
2026-06-03T19:45:00+00:00,136.11999999999938,136.73999999999936,135.87999999999937,136.43999999999937,1475
2026-06-04T13:30:00+00:00,136.43999999999937,138.97999999999936,136.39999999999938,138.72999999999936,957
2026-06-04T13:45:00+00:00,138.72999999999936,139.42999999999935,138.72999999999936,139.25999999999937,1376
2026-06-04T14:00:00+00:00,139.25999999999937,139.49999999999937,138.72999999999936,138.72999999999936,1666
2026-06-04T14:15:00+00:00,138.72999999999936,139.82999999999936,138.57999999999936,139.25999999999937,1547
2026-06-04T14:30:00+00:00,139.25999999999937,139.45999999999935,139.06999999999937,139.30999999999938,1257
2026-06-04T14:45:00+00:00,139.30999999999938,139.96999999999937,139.23999999999936,139.92999999999935,955
2026-06-04T15:00:00+00:00,139.92999999999935,140.32999999999936,139.83999999999938,140.20999999999935,821
2026-06-04T15:15:00+00:00,140.20999999999935,141.01999999999936,140.18999999999937,140.95999999999935,977
2026-06-04T15:30:00+00:00,140.95999999999935,141.02999999999938,140.42999999999935,140.54999999999936,1023
2026-06-04T15:45:00+00:00,140.54999999999936,140.85999999999936,140.46999999999937,140.77999999999938,702
2026-06-04T16:00:00+00:00,140.77999999999938,140.83999999999938,140.58999999999938,140.71999999999937,720
2026-06-04T16:15:00+00:00,140.71999999999937,140.91999999999936,140.68999999999937,140.88999999999936,510
2026-06-04T16:30:00+00:00,140.88999999999936,141.72999999999936,140.85999999999936,141.62999999999937,636
2026-06-04T16:45:00+00:00,141.62999999999937,142.08999999999938,141.61999999999938,141.90999999999937,749
2026-06-04T17:00:00+00:00,141.90999999999937,142.02999999999938,141.43999999999937,141.44999999999936,703
2026-06-04T17:15:00+00:00,141.44999999999936,141.47999999999936,141.13999999999936,141.16999999999936,651
2026-06-04T17:30:00+00:00,141.16999999999936,141.18999999999937,140.74999999999937,140.95999999999935,872
2026-06-04T17:45:00+00:00,140.95999999999935,141.35999999999936,140.79999999999936,141.29999999999936,590
2026-06-04T18:00:00+00:00,141.29999999999936,141.34999999999937,141.00999999999937,141.09999999999937,715
2026-06-04T18:15:00+00:00,141.09999999999937,141.17999999999935,140.91999999999936,141.03999999999937,512
2026-06-04T18:30:00+00:00,141.03999999999937,141.21999999999937,140.95999999999935,140.97999999999936,608
2026-06-04T18:45:00+00:00,140.97999999999936,141.30999999999938,140.92999999999935,141.21999999999937,498
2026-06-04T19:00:00+00:00,141.21999999999937,141.55999999999938,141.17999999999935,141.42999999999935,534
2026-06-04T19:15:00+00:00,141.42999999999935,141.56999999999937,141.36999999999938,141.54999999999936,444
2026-06-04T19:30:00+00:00,141.54999999999936,141.67999999999935,141.19999999999936,141.31999999999937,745
2026-06-04T19:45:00+00:00,141.31999999999937,141.79999999999936,141.09999999999937,141.56999999999937,1383
2026-06-05T13:30:00+00:00,141.56999999999937,142.05999999999938,138.97999999999936,139.00999999999937,715
2026-06-05T13:45:00+00:00,139.00999999999937,140.07999999999936,138.99999999999937,139.79999999999936,954
2026-06-05T14:00:00+00:00,139.79999999999936,140.71999999999932,139.71999999999935,140.2199999999993,1071.8907384106224
2026-06-05T14:15:00+00:00,140.2199999999993,140.3699999999993,139.21999999999926,139.30999999999926,1043.320786553264
2026-06-05T14:30:00+00:00,139.30999999999926,140.19999999999928,139.29999999999927,139.62999999999926,862.9101468467999
2026-06-05T14:45:00+00:00,139.62999999999926,140.06999999999923,139.47999999999925,139.92999999999924,742.4515014339069
2026-06-05T15:00:00+00:00,139.92999999999924,139.93999999999923,139.6299999999992,139.66999999999922,888.2237071855857
2026-06-05T15:15:00+00:00,139.66999999999922,139.83999999999918,139.34999999999923,139.4099999999992,902.8582334025348
2026-06-05T15:30:00+00:00,139.4099999999992,139.44999999999922,138.38999999999922,138.3999999999992,1190
2026-06-05T15:45:00+00:00,138.3999999999992,138.51999999999921,138.1599999999992,138.16999999999922,873
2026-06-05T16:00:00+00:00,138.16999999999922,138.29999999999922,137.59999999999923,137.6499999999992,950
2026-06-05T16:15:00+00:00,137.6499999999992,137.82999999999922,137.4699999999992,137.51999999999921,886
2026-06-05T16:30:00+00:00,137.51999999999921,137.87999999999923,137.28999999999922,137.6199999999992,926
2026-06-05T16:45:00+00:00,137.6199999999992,138.29999999999922,137.41999999999922,138.28999999999922,1086
2026-06-05T17:00:00+00:00,138.28999999999922,138.29999999999922,137.78999999999922,137.9099999999992,924
2026-06-05T17:15:00+00:00,137.9099999999992,138.1599999999992,137.81999999999923,138.01999999999921,1058
2026-06-05T17:30:00+00:00,138.01999999999921,138.37999999999923,137.88999999999922,137.9099999999992,676
2026-06-05T17:45:00+00:00,137.9099999999992,137.9899999999992,137.76999999999921,137.8999999999992,787
2026-06-05T18:00:00+00:00,137.8999999999992,137.97999999999922,137.07999999999922,137.2799999999992,1057
2026-06-05T18:15:00+00:00,137.2799999999992,137.54999999999922,137.1599999999992,137.32999999999922,1024
2026-06-05T18:30:00+00:00,137.32999999999922,137.9599999999992,137.26999999999921,137.69999999999922,1269
2026-06-05T18:45:00+00:00,137.69999999999922,137.69999999999922,137.07999999999922,137.5599999999992,1236
2026-06-05T19:00:00+00:00,137.5599999999992,137.85999999999922,137.29999999999922,137.6199999999992,1050
2026-06-05T19:15:00+00:00,137.6199999999992,137.69999999999922,137.25999999999922,137.60999999999922,1021
2026-06-05T19:30:00+00:00,137.60999999999922,138.07999999999922,137.41999999999922,137.97999999999922,1082
2026-06-05T19:45:00+00:00,137.97999999999922,138.6499999999992,137.87999999999923,138.28999999999922,1499
2026-06-08T13:30:00+00:00,138.28999999999922,140.63999999999922,138.28999999999922,139.7199999999992,1088
2026-06-08T13:45:00+00:00,139.7199999999992,140.1199999999992,138.9399999999992,138.9399999999992,1408
2026-06-08T14:00:00+00:00,138.9399999999992,139.8099999999992,138.85999999999922,139.3699999999992,1482
2026-06-08T14:15:00+00:00,139.3699999999992,139.51999999999921,138.9999999999992,139.25999999999922,1743
2026-06-08T14:30:00+00:00,139.25999999999922,139.9899999999992,139.2399999999992,139.75999999999922,1926
2026-06-08T14:45:00+00:00,139.75999999999922,140.31999999999923,139.7099999999992,140.3099999999992,1462
2026-06-08T15:00:00+00:00,140.3099999999992,140.56999999999923,140.2099999999992,140.22999999999922,1209
2026-06-08T15:15:00+00:00,140.22999999999922,140.35999999999922,139.9899999999992,140.07999999999922,1225
2026-06-08T15:30:00+00:00,140.07999999999922,140.4299999999992,139.94999999999922,140.32999999999922,1311
2026-06-08T15:45:00+00:00,140.32999999999922,140.56999999999923,140.32999999999922,140.4699999999992,1045
2026-06-08T16:00:00+00:00,140.4699999999992,140.75999999999922,140.4099999999992,140.5899999999992,1116
2026-06-08T16:15:00+00:00,140.5899999999992,140.76999999999921,140.53999999999922,140.69999999999922,998
2026-06-08T16:30:00+00:00,140.69999999999922,140.7799999999992,140.01999999999921,140.3999999999992,1318
2026-06-08T16:45:00+00:00,140.3999999999992,140.6199999999992,140.3699999999992,140.41999999999922,968
2026-06-08T17:00:00+00:00,140.41999999999922,140.41999999999922,139.69999999999922,139.84999999999923,1443
2026-06-08T17:15:00+00:00,139.84999999999923,140.2099999999992,139.6899999999992,140.1899999999992,1072
2026-06-08T17:30:00+00:00,140.1899999999992,140.2099999999992,139.79999999999922,139.9999999999992,1344
2026-06-08T17:45:00+00:00,139.9999999999992,140.1899999999992,139.8399999999992,139.9099999999992,1050
2026-06-08T18:00:00+00:00,139.9099999999992,140.2799999999992,139.6599999999992,139.6599999999992,1097
2026-06-08T18:15:00+00:00,139.6599999999992,139.9099999999992,139.54999999999922,139.60999999999922,833
2026-06-08T18:30:00+00:00,139.60999999999922,139.72999999999922,139.4299999999992,139.6799999999992,997
2026-06-08T18:45:00+00:00,139.6799999999992,139.8699999999992,139.4899999999992,139.56999999999923,951
2026-06-08T19:00:00+00:00,139.56999999999923,139.8099999999992,139.4099999999992,139.4299999999992,942
2026-06-08T19:15:00+00:00,139.4299999999992,139.5599999999992,139.01999999999921,139.31999999999923,969
2026-06-08T19:30:00+00:00,139.31999999999923,139.37999999999923,139.0299999999992,139.16999999999922,1156
2026-06-08T19:45:00+00:00,139.16999999999922,139.38999999999922,138.94999999999922,139.13999999999922,1297
2026-06-09T13:30:00+00:00,139.13999999999922,141.75999999999922,139.13999999999922,141.1899999999992,816
2026-06-09T13:45:00+00:00,141.1899999999992,141.34999999999923,140.26999999999921,140.57999999999922,1290
2026-06-09T14:00:00+00:00,140.57999999999922,141.10999999999922,140.2199999999992,140.2199999999992,1155
2026-06-09T14:15:00+00:00,140.2199999999992,140.4999999999992,139.4599999999992,140.38999999999922,1506
2026-06-09T14:30:00+00:00,140.38999999999922,140.62999999999923,139.5299999999992,139.7799999999992,1200
2026-06-09T14:45:00+00:00,139.7799999999992,140.1899999999992,138.5899999999992,140.0899999999992,1801
2026-06-09T15:00:00+00:00,140.0899999999992,140.2399999999992,139.6899999999992,139.9399999999992,1532
2026-06-09T15:15:00+00:00,139.9399999999992,139.9999999999992,138.2099999999992,138.3099999999992,2286
2026-06-09T15:30:00+00:00,138.3099999999992,139.09999999999923,138.25999999999922,138.9699999999992,2402
2026-06-09T15:45:00+00:00,138.9699999999992,139.22999999999922,138.51999999999921,138.51999999999921,1989
2026-06-09T16:00:00+00:00,138.51999999999921,139.03999999999922,138.4699999999992,138.88999999999922,2439
2026-06-09T16:15:00+00:00,138.88999999999922,139.13999999999922,138.31999999999923,139.07999999999922,2308
2026-06-09T16:30:00+00:00,139.07999999999922,139.4099999999992,137.75999999999922,137.8399999999992,1938
2026-06-09T16:45:00+00:00,137.8399999999992,138.57999999999922,137.79999999999922,138.4299999999992,1583
2026-06-09T17:00:00+00:00,138.4299999999992,139.31999999999923,138.26999999999921,139.10999999999922,1676
2026-06-09T17:15:00+00:00,139.10999999999922,140.07999999999922,139.09999999999923,140.06999999999923,1900
2026-06-09T17:30:00+00:00,140.06999999999923,140.9099999999992,139.9299999999992,140.6599999999992,1518
2026-06-09T17:45:00+00:00,140.6599999999992,140.82999999999922,140.34999999999923,140.54999999999922,1911
2026-06-09T18:00:00+00:00,140.54999999999922,140.7499999999992,140.3399999999992,140.44999999999922,2048
2026-06-09T18:15:00+00:00,140.44999999999922,140.7399999999992,140.3099999999992,140.7399999999992,1508
2026-06-09T18:30:00+00:00,140.7399999999992,140.9999999999992,140.6199999999992,140.6799999999992,1387
2026-06-09T18:45:00+00:00,140.6799999999992,141.12999999999923,140.6799999999992,140.97999999999922,1053
2026-06-09T19:00:00+00:00,140.97999999999922,141.1899999999992,140.79999999999922,141.01999999999921,1276
2026-06-09T19:15:00+00:00,141.01999999999921,141.03999999999922,140.5899999999992,140.6499999999992,1643
2026-06-09T19:30:00+00:00,140.6499999999992,140.79999999999922,140.04999999999922,140.32999999999922,1386
2026-06-09T19:45:00+00:00,140.32999999999922,140.7399999999992,140.26999999999921,140.5299999999992,1635
2026-06-10T13:30:00+00:00,140.5299999999992,142.9599999999992,138.53999999999922,140.75999999999922,1519
2026-06-10T13:45:00+00:00,140.75999999999922,141.34999999999923,140.22999999999922,140.94999999999922,1808
2026-06-10T14:00:00+00:00,140.94999999999922,141.29999999999922,140.57999999999922,140.84999999999923,1897
2026-06-10T14:15:00+00:00,140.84999999999923,140.9999999999992,139.9299999999992,140.31999999999923,1234
2026-06-10T14:30:00+00:00,140.31999999999923,140.54999999999922,139.4299999999992,139.4299999999992,1458
2026-06-10T14:45:00+00:00,139.4299999999992,139.4899999999992,138.4899999999992,138.97999999999922,2374.5629151291514
2026-06-10T15:00:00+00:00,138.97999999999922,139.65999999999923,138.54999999999922,138.54999999999922,2809
2026-06-10T15:15:00+00:00,138.54999999999922,139.36999999999924,138.4299999999992,139.19999999999922,2247
2026-06-10T15:30:00+00:00,139.19999999999922,139.30999999999923,138.59999999999923,139.21999999999923,2224
2026-06-10T15:45:00+00:00,139.21999999999923,139.60999999999922,138.44999999999922,139.07999999999922,2537
2026-06-10T16:00:00+00:00,139.07999999999922,139.33999999999924,138.7399999999992,138.9899999999992,1887
2026-06-10T16:15:00+00:00,138.9899999999992,139.44999999999922,138.93999999999923,139.40999999999923,1295
2026-06-10T16:30:00+00:00,139.40999999999923,140.18999999999923,139.34999999999923,139.8999999999992,1826
2026-06-10T16:45:00+00:00,139.8999999999992,140.35999999999922,139.82999999999922,140.29999999999922,1990
2026-06-10T17:00:00+00:00,140.29999999999922,140.69999999999922,140.04999999999922,140.11999999999924,2010
2026-06-10T17:15:00+00:00,140.11999999999924,140.2099999999992,139.55999999999923,139.65999999999923,1508
2026-06-10T17:30:00+00:00,139.65999999999923,139.72999999999922,138.97999999999922,139.03999999999922,1599
2026-06-10T17:45:00+00:00,139.03999999999922,140.04999999999922,138.91999999999922,139.9299999999992,2433
2026-06-10T18:00:00+00:00,139.9299999999992,140.18999999999923,139.79999999999922,139.86999999999924,1476
2026-06-10T18:15:00+00:00,139.86999999999924,139.9899999999992,139.51999999999921,139.7399999999992,1668
2026-06-10T18:30:00+00:00,139.7399999999992,139.79999999999922,139.44999999999922,139.47999999999922,1504
2026-06-10T18:45:00+00:00,139.47999999999922,139.74999999999923,139.21999999999923,139.63999999999922,1285
2026-06-10T19:00:00+00:00,139.63999999999922,139.83999999999924,139.46999999999923,139.54999999999922,1237
2026-06-10T19:15:00+00:00,139.54999999999922,139.7399999999992,139.34999999999923,139.57999999999922,1287
2026-06-10T19:30:00+00:00,139.57999999999922,139.82999999999922,139.43999999999923,139.77999999999923,1120
2026-06-10T19:45:00+00:00,139.77999999999923,139.93999999999923,139.1499999999992,139.34999999999923,1372
2026-06-11T13:30:00+00:00,139.34999999999923,141.47999999999922,139.00999999999922,140.63999999999922,688
2026-06-11T13:45:00+00:00,140.63999999999922,141.80999999999923,140.47999999999922,140.96999999999923,1508
2026-06-11T14:00:00+00:00,140.96999999999923,140.96999999999923,139.88999999999922,139.96999999999923,1917
2026-06-11T14:15:00+00:00,139.96999999999923,140.7399999999992,139.82999999999922,140.55999999999923,1936
2026-06-11T14:30:00+00:00,140.55999999999923,141.1799999999992,140.51999999999921,140.94999999999922,1868
2026-06-11T14:45:00+00:00,140.94999999999922,141.2099999999992,140.38999999999922,140.54999999999922,1962
2026-06-11T15:00:00+00:00,140.54999999999922,140.6799999999992,140.07999999999922,140.60999999999922,2068
2026-06-11T15:15:00+00:00,140.60999999999922,141.01999999999921,140.2099999999992,140.88999999999922,1884
2026-06-11T15:30:00+00:00,140.88999999999922,141.29999999999922,140.87999999999923,141.04999999999922,2409
2026-06-11T15:45:00+00:00,141.04999999999922,141.1799999999992,140.69999999999922,140.91999999999922,2392
2026-06-11T16:00:00+00:00,140.91999999999922,141.1499999999992,140.77999999999923,141.1499999999992,1947
2026-06-11T16:15:00+00:00,141.1499999999992,141.19999999999922,140.57999999999922,140.72999999999922,2178
2026-06-11T16:30:00+00:00,140.72999999999922,141.08999999999924,140.61999999999924,140.90999999999923,2252
2026-06-11T16:45:00+00:00,140.90999999999923,141.06999999999923,140.59999999999923,140.62999999999923,1525
2026-06-11T17:00:00+00:00,140.62999999999923,141.32999999999922,140.55999999999923,141.21999999999923,2021
2026-06-11T17:15:00+00:00,141.21999999999923,142.34999999999923,140.81999999999923,142.11999999999924,2057
2026-06-11T17:30:00+00:00,142.11999999999924,143.24999999999923,142.05999999999923,143.13999999999922,1587
2026-06-11T17:45:00+00:00,143.13999999999922,143.32999999999922,142.94999999999922,143.1799999999992,1839
2026-06-11T18:00:00+00:00,143.1799999999992,143.33999999999924,142.49999999999923,142.84999999999923,2698
2026-06-11T18:15:00+00:00,142.84999999999923,143.11999999999924,142.7099999999992,142.94999999999922,2077
2026-06-11T18:30:00+00:00,142.94999999999922,143.2099999999992,142.8999999999992,142.9599999999992,1945
2026-06-11T18:45:00+00:00,142.9599999999992,143.31999999999923,142.9599999999992,143.27999999999923,1173
2026-06-11T19:00:00+00:00,143.27999999999923,143.63999999999922,143.2099999999992,143.50999999999922,1629
2026-06-11T19:15:00+00:00,143.50999999999922,143.69999999999922,143.34999999999923,143.60999999999922,1315
2026-06-11T19:30:00+00:00,143.60999999999922,144.10999999999922,143.60999999999922,143.8999999999992,1769
2026-06-11T19:45:00+00:00,143.8999999999992,143.96999999999923,143.43999999999923,143.90999999999923,1974
2026-06-12T13:30:00+00:00,143.90999999999923,146.11999999999924,143.90999999999923,144.27999999999923,1094
2026-06-12T13:45:00+00:00,144.27999999999923,144.97999999999922,144.03999999999922,144.47999999999922,1081
2026-06-12T14:00:00+00:00,144.47999999999922,145.52999999999923,144.38999999999922,144.88999999999922,1512
2026-06-12T14:15:00+00:00,144.88999999999922,145.91999999999922,144.83999999999924,145.76999999999921,1808
2026-06-12T14:30:00+00:00,145.76999999999921,146.3999999999992,145.44999999999922,146.02999999999923,2252
2026-06-12T14:45:00+00:00,146.02999999999923,146.85999999999922,145.66999999999922,146.81999999999925,2847.8308707953474
2026-06-12T15:00:00+00:00,146.81999999999925,146.98999999999924,146.56999999999925,146.75999999999925,2098
2026-06-12T15:15:00+00:00,146.75999999999925,147.02999999999926,146.59999999999926,146.91999999999925,1441
2026-06-12T15:30:00+00:00,146.91999999999925,146.95999999999924,146.12999999999926,146.21999999999926,2582
2026-06-12T15:45:00+00:00,146.21999999999926,146.45999999999924,145.82999999999925,145.95999999999924,2458
2026-06-12T16:00:00+00:00,145.95999999999924,146.61999999999927,145.54999999999924,146.35999999999925,2563
2026-06-12T16:15:00+00:00,146.35999999999925,146.53999999999925,146.12999999999926,146.18999999999926,2429
2026-06-12T16:30:00+00:00,146.18999999999926,146.44999999999925,146.10999999999925,146.18999999999926,1527
2026-06-12T16:45:00+00:00,146.18999999999926,146.32999999999925,145.90999999999926,146.00999999999925,1116
2026-06-12T17:00:00+00:00,146.00999999999925,146.17999999999924,145.91999999999925,146.10999999999925,1324
2026-06-12T17:15:00+00:00,146.10999999999925,146.25999999999925,145.98999999999924,146.01999999999924,1087
2026-06-12T17:30:00+00:00,146.01999999999924,146.12999999999926,145.87999999999926,145.95999999999924,948
2026-06-12T17:45:00+00:00,145.95999999999924,146.13999999999925,145.80999999999926,145.91999999999925,672
2026-06-12T18:00:00+00:00,145.91999999999925,146.17999999999924,145.71999999999926,145.98999999999924,900
2026-06-12T18:15:00+00:00,145.98999999999924,146.08999999999926,145.77999999999926,145.91999999999925,971
2026-06-12T18:30:00+00:00,145.91999999999925,146.36999999999927,145.84999999999926,146.33999999999926,795
2026-06-12T18:45:00+00:00,146.33999999999926,146.42999999999924,146.16999999999925,146.18999999999926,584
2026-06-12T19:00:00+00:00,146.18999999999926,146.35999999999925,146.13999999999925,146.18999999999926,584
2026-06-12T19:15:00+00:00,146.18999999999926,146.46999999999926,146.09999999999926,146.46999999999926,521
2026-06-12T19:30:00+00:00,146.46999999999926,146.50999999999925,146.20999999999924,146.27999999999926,938
2026-06-12T19:45:00+00:00,146.27999999999926,146.28999999999925,145.46999999999926,145.67999999999924,1256
2026-06-15T13:30:00+00:00,145.67999999999924,149.34999999999926,145.67999999999924,147.67999999999924,1011
2026-06-15T13:45:00+00:00,147.67999999999924,148.26999999999924,147.26999999999924,148.01999999999924,1330
2026-06-15T14:00:00+00:00,148.01999999999924,148.23999999999924,147.10999999999925,147.39999999999927,1699
2026-06-15T14:15:00+00:00,147.39999999999927,147.87999999999926,147.16999999999925,147.59999999999926,1632
2026-06-15T14:30:00+00:00,147.59999999999926,147.79999999999924,147.40999999999926,147.43999999999926,1289
2026-06-15T14:45:00+00:00,147.43999999999926,147.80999999999926,147.34999999999926,147.58999999999926,1143
2026-06-15T15:00:00+00:00,147.58999999999926,147.88999999999925,147.38999999999925,147.56999999999925,1102
2026-06-15T15:15:00+00:00,147.56999999999925,147.78999999999925,147.35999999999925,147.73999999999924,969
2026-06-15T15:30:00+00:00,147.73999999999924,148.26999999999924,147.73999999999924,148.11999999999927,1050
2026-06-15T15:45:00+00:00,148.11999999999927,148.18999999999926,147.78999999999925,147.92999999999924,755
2026-06-15T16:00:00+00:00,147.92999999999924,148.17999999999924,147.81999999999925,148.09999999999926,646
2026-06-15T16:15:00+00:00,148.09999999999926,148.24999999999926,147.98999999999924,148.17999999999924,565
2026-06-15T16:30:00+00:00,148.17999999999924,148.24999999999926,147.64999999999927,147.91999999999925,712
2026-06-15T16:45:00+00:00,147.91999999999925,147.97999999999925,147.65999999999926,147.80999999999926,483
2026-06-15T17:00:00+00:00,147.80999999999926,147.89999999999927,147.47999999999925,147.81999999999925,601
2026-06-15T17:15:00+00:00,147.81999999999925,148.03999999999925,147.79999999999924,148.01999999999924,484
2026-06-15T17:30:00+00:00,148.01999999999924,148.12999999999926,147.85999999999925,147.89999999999927,434
2026-06-15T17:45:00+00:00,147.89999999999927,148.01999999999924,147.66999999999925,147.74999999999926,450
2026-06-15T18:00:00+00:00,147.74999999999926,147.75999999999925,147.29999999999924,147.39999999999927,783
2026-06-15T18:15:00+00:00,147.39999999999927,147.67999999999924,147.27999999999926,147.31999999999925,684
2026-06-15T18:30:00+00:00,147.31999999999925,147.73999999999924,147.25999999999925,147.70999999999924,666
2026-06-15T18:45:00+00:00,147.70999999999924,147.79999999999924,147.58999999999926,147.64999999999927,554
2026-06-15T19:00:00+00:00,147.64999999999927,147.67999999999924,147.46999999999926,147.64999999999927,485
2026-06-15T19:15:00+00:00,147.64999999999927,147.78999999999925,147.55999999999926,147.64999999999927,532
2026-06-15T19:30:00+00:00,147.64999999999927,147.77999999999926,147.46999999999926,147.55999999999926,981
2026-06-15T19:45:00+00:00,147.55999999999926,147.61999999999927,146.79999999999924,147.07999999999925,1528
2026-06-16T13:30:00+00:00,147.07999999999925,149.20999999999924,147.07999999999925,148.41999999999925,1256
2026-06-16T13:45:00+00:00,148.41999999999925,148.85999999999925,147.07999999999925,147.31999999999925,1605
2026-06-16T14:00:00+00:00,147.31999999999925,147.45999999999924,146.92999999999924,147.33999999999926,1885
2026-06-16T14:15:00+00:00,147.33999999999926,147.63999999999925,147.00999999999925,147.10999999999925,2088
2026-06-16T14:30:00+00:00,147.10999999999925,148.16999999999925,146.99999999999926,147.94999999999925,1802
2026-06-16T14:45:00+00:00,147.94999999999925,148.26999999999924,147.50999999999925,148.06999999999925,1572
2026-06-16T15:00:00+00:00,148.06999999999925,148.18999999999926,147.91999999999925,147.94999999999925,1170
2026-06-16T15:15:00+00:00,147.94999999999925,148.06999999999925,147.81999999999925,147.97999999999925,1141
2026-06-16T15:30:00+00:00,147.97999999999925,148.20999999999924,147.86999999999927,147.90999999999926,1116
2026-06-16T15:45:00+00:00,147.90999999999926,148.30999999999926,147.79999999999924,148.18999999999926,1469
2026-06-16T16:00:00+00:00,148.18999999999926,148.64999999999927,148.14999999999927,148.54999999999924,1361
2026-06-16T16:15:00+00:00,148.54999999999924,148.92999999999924,148.51999999999924,148.67999999999924,1066
2026-06-16T16:30:00+00:00,148.67999999999924,148.94999999999925,148.55999999999926,148.78999999999925,765
2026-06-16T16:45:00+00:00,148.78999999999925,148.91999999999925,148.55999999999926,148.77999999999926,941
2026-06-16T17:00:00+00:00,148.77999999999926,148.89999999999927,148.66999999999925,148.70999999999924,707
2026-06-16T17:15:00+00:00,148.70999999999924,148.73999999999924,148.53999999999925,148.60999999999925,710
2026-06-16T17:30:00+00:00,148.60999999999925,148.81999999999925,148.56999999999925,148.67999999999924,625
2026-06-16T17:45:00+00:00,148.67999999999924,148.74999999999926,148.53999999999925,148.55999999999926,536
2026-06-16T18:00:00+00:00,148.55999999999926,148.66999999999925,148.28999999999925,148.33999999999926,593
2026-06-16T18:15:00+00:00,148.33999999999926,148.48999999999924,148.26999999999924,148.42999999999924,511
2026-06-16T18:30:00+00:00,148.42999999999924,148.46999999999926,148.10999999999925,148.13999999999925,709
2026-06-16T18:45:00+00:00,148.13999999999925,148.47999999999925,148.10999999999925,148.36999999999927,564
2026-06-16T19:00:00+00:00,148.36999999999927,148.47999999999925,148.24999999999926,148.37999999999926,677
2026-06-16T19:15:00+00:00,148.37999999999926,148.57999999999925,148.24999999999926,148.26999999999924,1074
2026-06-16T19:30:00+00:00,148.26999999999924,148.38999999999925,148.18999999999926,148.32999999999925,900
2026-06-16T19:45:00+00:00,148.32999999999925,148.91999999999925,148.27999999999926,148.90999999999926,1669
2026-06-17T13:30:00+00:00,148.90999999999926,151.37999999999926,148.41999999999925,151.30999999999926,768
2026-06-17T13:45:00+00:00,151.30999999999926,152.05999999999926,151.21999999999926,151.79999999999924,1208
2026-06-17T14:00:00+00:00,151.79999999999924,152.15999999999926,151.43999999999926,151.65999999999926,1606
2026-06-17T14:15:00+00:00,151.65999999999926,152.04999999999924,151.50999999999925,151.64999999999927,1573
2026-06-17T14:30:00+00:00,151.64999999999927,151.69999999999925,151.16999999999925,151.29999999999924,1370
2026-06-17T14:45:00+00:00,151.29999999999924,152.05999999999926,150.83999999999926,151.80999999999926,1903.7103448275861
2026-06-17T15:00:00+00:00,151.80999999999926,151.84999999999926,150.98999999999924,151.18999999999926,1606
2026-06-17T15:15:00+00:00,151.18999999999926,151.63999999999925,151.02999999999926,151.47999999999925,1232
2026-06-17T15:30:00+00:00,151.47999999999925,151.86999999999927,151.43999999999926,151.65999999999926,1008
2026-06-17T15:45:00+00:00,151.65999999999926,151.70999999999924,151.37999999999926,151.37999999999926,927
2026-06-17T16:00:00+00:00,151.37999999999926,151.55999999999926,151.25999999999925,151.51999999999924,820
2026-06-17T16:15:00+00:00,151.51999999999924,151.56999999999925,151.34999999999926,151.42999999999924,753
2026-06-17T16:30:00+00:00,151.42999999999924,151.52999999999926,151.26999999999924,151.45999999999924,714
2026-06-17T16:45:00+00:00,151.45999999999924,152.03999999999925,151.45999999999924,151.93999999999926,631
2026-06-17T17:00:00+00:00,151.93999999999926,152.07999999999925,151.46999999999926,151.92999999999924,772
2026-06-17T17:15:00+00:00,151.92999999999924,152.09999999999926,151.75999999999925,152.01999999999924,803
2026-06-17T17:30:00+00:00,152.01999999999924,152.13999999999925,151.84999999999926,151.89999999999924,671
2026-06-17T17:45:00+00:00,151.89999999999924,152.27999999999926,151.77999999999926,152.25999999999925,573
2026-06-17T18:00:00+00:00,152.25999999999925,152.30999999999926,150.97999999999925,151.57999999999925,2703
2026-06-17T18:15:00+00:00,151.57999999999925,151.93999999999926,151.51999999999924,151.72999999999925,1803
2026-06-17T18:30:00+00:00,151.72999999999925,152.43999999999926,151.51999999999924,152.29999999999924,2571
2026-06-17T18:45:00+00:00,152.29999999999924,152.34999999999926,151.26999999999924,151.44999999999925,2058
2026-06-17T19:00:00+00:00,151.44999999999925,151.56999999999925,150.71999999999926,150.83999999999926,1878
2026-06-17T19:15:00+00:00,150.83999999999926,150.87999999999926,149.93999999999926,150.17999999999924,2073
2026-06-17T19:30:00+00:00,150.17999999999924,150.20999999999924,149.27999999999926,149.65999999999926,2264
2026-06-17T19:45:00+00:00,149.65999999999926,150.11999999999927,149.36999999999927,149.69999999999925,2229
2026-06-18T13:30:00+00:00,149.69999999999925,153.72999999999925,149.69999999999925,152.84999999999926,774
2026-06-18T13:45:00+00:00,152.84999999999926,153.58999999999926,152.37999999999926,152.90999999999926,1339
2026-06-18T14:00:00+00:00,152.90999999999926,153.58999999999926,152.30999999999926,152.42999999999924,1784
2026-06-18T14:15:00+00:00,152.42999999999924,153.23999999999924,152.20999999999924,152.89999999999924,1373
2026-06-18T14:30:00+00:00,152.89999999999924,153.05999999999926,152.38999999999925,152.40999999999926,1497
2026-06-18T14:45:00+00:00,152.40999999999926,152.80999999999926,152.35999999999925,152.69999999999925,1412.3155963302752
2026-06-18T15:00:00+00:00,152.69999999999925,152.75999999999925,151.95999999999924,151.97999999999925,1870
2026-06-18T15:15:00+00:00,151.97999999999925,152.07999999999925,151.43999999999923,152.02999999999923,1762
2026-06-18T15:30:00+00:00,152.02999999999923,152.14999999999924,151.77999999999923,151.80999999999923,1404
2026-06-18T15:45:00+00:00,151.80999999999923,152.03999999999925,151.77999999999923,151.77999999999923,1005
2026-06-18T16:00:00+00:00,151.77999999999923,151.88999999999925,151.18999999999923,151.42999999999924,1124
2026-06-18T16:15:00+00:00,151.42999999999924,151.45999999999924,151.02999999999923,151.11999999999924,1408
2026-06-18T16:30:00+00:00,151.11999999999924,151.17999999999924,150.56999999999925,150.58999999999924,1035
2026-06-18T16:45:00+00:00,150.58999999999924,150.67999999999924,149.99999999999923,150.24999999999923,1216
2026-06-18T17:00:00+00:00,150.24999999999923,150.69999999999925,150.19999999999925,150.65999999999923,1044
2026-06-18T17:15:00+00:00,150.65999999999923,150.81999999999925,150.34999999999926,150.44999999999925,879
2026-06-18T17:30:00+00:00,150.44999999999925,150.51999999999924,150.05999999999923,150.39999999999924,798
2026-06-18T17:45:00+00:00,150.39999999999924,150.54999999999924,150.25999999999925,150.49999999999923,653
2026-06-18T18:00:00+00:00,150.49999999999923,150.49999999999923,149.92999999999924,149.94999999999925,918
2026-06-18T18:15:00+00:00,149.94999999999925,150.28999999999925,149.86999999999924,150.22999999999925,809
2026-06-18T18:30:00+00:00,150.22999999999925,150.40999999999923,150.11999999999924,150.26999999999924,647
2026-06-18T18:45:00+00:00,150.26999999999924,150.38999999999925,150.00999999999925,150.10999999999925,619
2026-06-18T19:00:00+00:00,150.10999999999925,150.18999999999923,149.68999999999923,149.79999999999924,814
2026-06-18T19:15:00+00:00,149.79999999999924,149.83999999999924,149.41999999999925,149.51999999999924,965
2026-06-18T19:30:00+00:00,149.51999999999924,150.10999999999925,149.31999999999925,150.02999999999923,1149
2026-06-18T19:45:00+00:00,150.02999999999923,150.04999999999924,148.86999999999924,148.95999999999924,1941
2026-06-22T13:30:00+00:00,148.95999999999924,151.12999999999923,148.95999999999924,151.04999999999924,608
2026-06-22T13:45:00+00:00,151.04999999999924,152.01999999999924,150.59999999999926,151.20999999999924,1524
2026-06-22T14:00:00+00:00,151.20999999999924,152.06999999999925,150.66999999999925,151.98999999999924,1881
2026-06-22T14:15:00+00:00,151.98999999999924,152.19999999999925,151.50999999999925,151.51999999999924,2084
2026-06-22T14:30:00+00:00,151.51999999999924,151.72999999999925,151.09999999999926,151.12999999999923,1995
2026-06-22T14:45:00+00:00,151.12999999999923,151.84999999999926,151.10999999999925,151.78999999999925,2064
2026-06-22T15:00:00+00:00,151.78999999999925,152.03999999999925,151.44999999999925,151.60999999999925,1439
2026-06-22T15:15:00+00:00,151.60999999999925,151.73999999999924,151.22999999999925,151.64999999999924,1181
2026-06-22T15:30:00+00:00,151.64999999999924,152.03999999999925,151.52999999999923,151.60999999999925,1184
2026-06-22T15:45:00+00:00,151.60999999999925,151.83999999999924,151.36999999999924,151.80999999999923,1460
2026-06-22T16:00:00+00:00,151.80999999999923,152.05999999999923,151.37999999999923,151.91999999999925,1382
2026-06-22T16:15:00+00:00,151.91999999999925,151.99999999999923,151.56999999999925,151.56999999999925,986
2026-06-22T16:30:00+00:00,151.56999999999925,151.80999999999923,151.54999999999924,151.72999999999925,828
2026-06-22T16:45:00+00:00,151.72999999999925,152.05999999999923,151.67999999999924,151.73999999999924,774
2026-06-22T17:00:00+00:00,151.73999999999924,151.81999999999925,151.31999999999925,151.67999999999924,995
2026-06-22T17:15:00+00:00,151.67999999999924,151.74999999999923,151.50999999999925,151.54999999999924,676
2026-06-22T17:30:00+00:00,151.54999999999924,151.65999999999923,151.33999999999924,151.59999999999926,770
2026-06-22T17:45:00+00:00,151.59999999999926,151.60999999999925,151.26999999999924,151.45999999999924,778
2026-06-22T18:00:00+00:00,151.45999999999924,151.60999999999925,151.16999999999925,151.17999999999924,761
2026-06-22T18:15:00+00:00,151.17999999999924,151.32999999999925,151.06999999999925,151.12999999999923,701
2026-06-22T18:30:00+00:00,151.12999999999923,151.26999999999924,150.87999999999923,150.91999999999925,761
2026-06-22T18:45:00+00:00,150.91999999999925,151.11999999999924,150.80999999999923,151.04999999999924,663
2026-06-22T19:00:00+00:00,151.04999999999924,151.44999999999925,151.04999999999924,151.34999999999926,635
2026-06-22T19:15:00+00:00,151.34999999999926,151.50999999999925,151.23999999999924,151.24999999999923,668
2026-06-22T19:30:00+00:00,151.24999999999923,151.51999999999924,150.93999999999923,150.99999999999923,917
2026-06-22T19:45:00+00:00,150.99999999999923,151.65999999999923,150.93999999999923,151.60999999999925,1354
2026-06-23T13:30:00+00:00,151.60999999999925,151.60999999999925,148.95999999999924,149.98999999999924,1057
2026-06-23T13:45:00+00:00,149.98999999999924,150.78999999999925,149.38999999999925,149.68999999999923,1501
2026-06-23T14:00:00+00:00,149.68999999999923,150.95999999999924,149.54999999999924,150.70999999999924,2056
2026-06-23T14:15:00+00:00,150.70999999999924,150.86999999999924,150.33999999999924,150.82999999999925,1727
2026-06-23T14:30:00+00:00,150.82999999999925,151.13999999999925,150.53999999999925,150.98999999999924,2004
2026-06-23T14:45:00+00:00,150.98999999999924,151.92999999999924,150.85999999999925,151.75999999999925,2151
2026-06-23T15:00:00+00:00,151.75999999999925,151.80999999999923,151.33999999999924,151.60999999999925,1657
2026-06-23T15:15:00+00:00,151.60999999999925,151.76999999999924,151.45999999999924,151.56999999999925,1260
2026-06-23T15:30:00+00:00,151.56999999999925,152.00999999999925,151.43999999999923,151.58999999999924,1774
2026-06-23T15:45:00+00:00,151.58999999999924,151.67999999999924,151.30999999999923,151.34999999999926,1316
2026-06-23T16:00:00+00:00,151.34999999999926,151.85999999999925,151.34999999999926,151.77999999999923,1406
2026-06-23T16:15:00+00:00,151.77999999999923,151.90999999999923,151.55999999999923,151.75999999999925,890
2026-06-23T16:30:00+00:00,151.75999999999925,151.98999999999924,151.70999999999924,151.82999999999925,821
2026-06-23T16:45:00+00:00,151.82999999999925,151.82999999999925,151.15999999999923,151.15999999999923,1065
2026-06-23T17:00:00+00:00,151.15999999999923,151.34999999999926,151.01999999999924,151.26999999999924,1103
2026-06-23T17:15:00+00:00,151.26999999999924,151.49999999999923,151.26999999999924,151.36999999999924,685
2026-06-23T17:30:00+00:00,151.36999999999924,151.78999999999925,151.36999999999924,151.66999999999925,736
2026-06-23T17:45:00+00:00,151.66999999999925,151.82999999999925,151.45999999999924,151.46999999999923,943
2026-06-23T18:00:00+00:00,151.46999999999923,151.68999999999923,151.21999999999923,151.23999999999924,1099
2026-06-23T18:15:00+00:00,151.23999999999924,151.43999999999923,151.15999999999923,151.26999999999924,796
2026-06-23T18:30:00+00:00,151.26999999999924,151.39999999999924,151.08999999999924,151.09999999999926,643
2026-06-23T18:45:00+00:00,151.09999999999926,151.20999999999924,150.97999999999925,151.14999999999924,793
2026-06-23T19:00:00+00:00,151.14999999999924,151.27999999999923,150.85999999999925,150.95999999999924,823
2026-06-23T19:15:00+00:00,150.95999999999924,151.31999999999925,150.82999999999925,151.26999999999924,835
2026-06-23T19:30:00+00:00,151.26999999999924,151.38999999999925,150.65999999999923,150.66999999999925,1061
2026-06-23T19:45:00+00:00,150.66999999999925,151.41999999999925,150.65999999999923,151.04999999999924,1891
2026-06-24T13:30:00+00:00,151.04999999999924,151.65999999999923,149.20999999999924,149.20999999999924,870
2026-06-24T13:45:00+00:00,149.20999999999924,150.85999999999925,149.20999999999924,150.65999999999923,1302
2026-06-24T14:00:00+00:00,150.65999999999923,150.92999999999924,150.20999999999924,150.47999999999925,1916
2026-06-24T14:15:00+00:00,150.47999999999925,150.48999999999924,149.86999999999924,150.05999999999923,2043
2026-06-24T14:30:00+00:00,150.05999999999923,150.79999999999924,150.05999999999923,150.42999999999924,1733
2026-06-24T14:45:00+00:00,150.42999999999924,150.47999999999925,149.86999999999924,150.06999999999923,1676.5325443786983
2026-06-24T15:00:00+00:00,150.06999999999923,150.2799999999992,149.8699999999992,149.9599999999992,1514
2026-06-24T15:15:00+00:00,149.9599999999992,150.56999999999923,149.94999999999922,150.53999999999922,1468
2026-06-24T15:30:00+00:00,150.53999999999922,150.66999999999922,150.28999999999922,150.4599999999992,1245
2026-06-24T15:45:00+00:00,150.4599999999992,150.47999999999922,149.9699999999992,150.00999999999922,1482
2026-06-24T16:00:00+00:00,150.00999999999922,150.0599999999992,149.28999999999922,149.29999999999922,1149
2026-06-24T16:15:00+00:00,149.29999999999922,149.75999999999922,149.22999999999922,149.50999999999922,1203
2026-06-24T16:30:00+00:00,149.50999999999922,149.59999999999923,149.09999999999923,149.3799999999992,1154
2026-06-24T16:45:00+00:00,149.3799999999992,149.60999999999922,149.2799999999992,149.50999999999922,1194
2026-06-24T17:00:00+00:00,149.50999999999922,149.7399999999992,149.32999999999922,149.63999999999922,957
2026-06-24T17:15:00+00:00,149.63999999999922,149.6899999999992,149.06999999999923,149.19999999999922,1359
2026-06-24T17:30:00+00:00,149.19999999999922,149.6299999999992,149.03999999999922,149.4599999999992,1815
2026-06-24T17:45:00+00:00,149.4599999999992,149.8699999999992,149.26999999999921,149.41999999999922,1263
2026-06-24T18:00:00+00:00,149.41999999999922,149.6599999999992,149.31999999999923,149.59999999999923,1265
2026-06-24T18:15:00+00:00,149.59999999999923,150.01999999999921,149.54999999999922,149.8799999999992,1191
2026-06-24T18:30:00+00:00,149.8799999999992,150.1899999999992,149.85999999999922,150.01999999999921,1049
2026-06-24T18:45:00+00:00,150.01999999999921,150.01999999999921,149.59999999999923,149.91999999999922,1051
2026-06-24T19:00:00+00:00,149.91999999999922,150.16999999999922,149.81999999999923,150.1199999999992,931
2026-06-24T19:15:00+00:00,150.1199999999992,150.1899999999992,149.94999999999922,150.07999999999922,810
2026-06-24T19:30:00+00:00,150.07999999999922,150.1899999999992,149.7799999999992,149.9099999999992,1034
2026-06-24T19:45:00+00:00,149.9099999999992,150.19999999999922,149.3099999999992,149.59999999999923,1794
2026-06-25T13:30:00+00:00,149.59999999999923,152.10999999999922,149.59999999999923,150.9599999999992,515
2026-06-25T13:45:00+00:00,150.9599999999992,151.63999999999922,150.76999999999921,151.50999999999922,1358
2026-06-25T14:00:00+00:00,151.50999999999922,152.69999999999922,151.47999999999922,152.2799999999992,2252
2026-06-25T14:15:00+00:00,152.2799999999992,153.2199999999992,152.2199999999992,152.9299999999992,1869
2026-06-25T14:30:00+00:00,152.9299999999992,153.63999999999922,152.9299999999992,152.9899999999992,1807
2026-06-25T14:45:00+00:00,152.9899999999992,153.3699999999992,152.85999999999922,152.9099999999992,2036
2026-06-25T15:00:00+00:00,152.9099999999992,153.1299999999992,151.8799999999992,151.91999999999922,2078
2026-06-25T15:15:00+00:00,151.91999999999922,152.9699999999992,151.79999999999922,152.72999999999922,2293
2026-06-25T15:30:00+00:00,152.72999999999922,152.79999999999922,152.06999999999923,152.1599999999992,1751
2026-06-25T15:45:00+00:00,152.1599999999992,152.4099999999992,152.04999999999922,152.2399999999992,1258
2026-06-25T16:00:00+00:00,152.2399999999992,152.3999999999992,152.0599999999992,152.3399999999992,1250
2026-06-25T16:15:00+00:00,152.3399999999992,152.47999999999922,152.0599999999992,152.2799999999992,1169
2026-06-25T16:30:00+00:00,152.2799999999992,152.31999999999923,151.4899999999992,151.4999999999992,1562
2026-06-25T16:45:00+00:00,151.4999999999992,151.53999999999922,151.1199999999992,151.16999999999922,1171
2026-06-25T17:00:00+00:00,151.16999999999922,151.2799999999992,150.78999999999922,151.00999999999922,1114
2026-06-25T17:15:00+00:00,151.00999999999922,151.19999999999922,150.76999999999921,150.97999999999922,1040
2026-06-25T17:30:00+00:00,150.97999999999922,151.22999999999922,150.8799999999992,150.9099999999992,1050
2026-06-25T17:45:00+00:00,150.9099999999992,151.22999999999922,150.76999999999921,151.19999999999922,1082
2026-06-25T18:00:00+00:00,151.19999999999922,151.25999999999922,150.8999999999992,151.1599999999992,1417
2026-06-25T18:15:00+00:00,151.1599999999992,151.85999999999922,151.1599999999992,151.7099999999992,1186
2026-06-25T18:30:00+00:00,151.7099999999992,151.7099999999992,150.9299999999992,150.94999999999922,1290
2026-06-25T18:45:00+00:00,150.94999999999922,151.3699999999992,150.8699999999992,151.2499999999992,888
2026-06-25T19:00:00+00:00,151.2499999999992,151.3399999999992,151.0899999999992,151.09999999999923,749
2026-06-25T19:15:00+00:00,151.09999999999923,151.19999999999922,150.97999999999922,151.00999999999922,893
2026-06-25T19:30:00+00:00,151.00999999999922,151.0899999999992,150.7199999999992,150.8099999999992,837
2026-06-25T19:45:00+00:00,150.8099999999992,151.06999999999923,150.53999999999922,150.85999999999922,1225
2026-06-26T13:30:00+00:00,150.85999999999922,150.85999999999922,146.8699999999992,146.8799999999992,896
2026-06-26T13:45:00+00:00,146.8799999999992,148.26999999999921,146.53999999999922,148.10999999999922,1502
2026-06-26T14:00:00+00:00,148.10999999999922,148.88999999999922,147.8699999999992,148.32999999999922,1355
2026-06-26T14:15:00+00:00,148.32999999999922,148.6499999999992,147.8799999999992,148.59999999999923,1499
2026-06-26T14:30:00+00:00,148.59999999999923,148.8999999999992,148.2799999999992,148.63999999999922,2050
2026-06-26T14:45:00+00:00,148.63999999999922,149.1799999999992,148.0599999999992,148.1299999999992,2510.078008009751
2026-06-26T15:00:00+00:00,148.1299999999992,148.4999999999992,147.3199999999992,147.4299999999992,2103
2026-06-26T15:15:00+00:00,147.4299999999992,148.5299999999992,147.3199999999992,148.4899999999992,1727
2026-06-26T15:30:00+00:00,148.4899999999992,149.01999999999921,148.29999999999922,148.79999999999922,2076
2026-06-26T15:45:00+00:00,148.79999999999922,148.9799999999992,148.0999999999992,148.8999999999992,1484
2026-06-26T16:00:00+00:00,148.8999999999992,149.1599999999992,148.2099999999992,148.2499999999992,1506
2026-06-26T16:15:00+00:00,148.2499999999992,148.3499999999992,147.7099999999992,147.9299999999992,1440
2026-06-26T16:30:00+00:00,147.9299999999992,148.1899999999992,147.8999999999992,147.9799999999992,1428
2026-06-26T16:45:00+00:00,147.9799999999992,148.0699999999992,147.8699999999992,147.9899999999992,776
2026-06-26T17:00:00+00:00,147.9899999999992,148.1599999999992,147.6999999999992,148.04999999999922,1291
2026-06-26T17:15:00+00:00,148.04999999999922,148.0899999999992,147.4499999999992,147.6899999999992,1095
2026-06-26T17:30:00+00:00,147.6899999999992,148.1399999999992,147.6499999999992,147.8099999999992,1330
2026-06-26T17:45:00+00:00,147.8099999999992,147.8899999999992,147.51999999999921,147.5999999999992,1029
2026-06-26T18:00:00+00:00,147.5999999999992,147.8399999999992,147.4999999999992,147.5899999999992,1097
2026-06-26T18:15:00+00:00,147.5899999999992,147.6299999999992,147.2299999999992,147.3399999999992,984
2026-06-26T18:30:00+00:00,147.3399999999992,147.3899999999992,146.9399999999992,147.0599999999992,924
2026-06-26T18:45:00+00:00,147.0599999999992,147.1399999999992,146.8299999999992,147.0899999999992,1011
2026-06-26T19:00:00+00:00,147.0899999999992,147.51999999999921,146.9199999999992,147.4999999999992,1057
2026-06-26T19:15:00+00:00,147.4999999999992,147.6399999999992,147.4399999999992,147.4499999999992,1184
2026-06-26T19:30:00+00:00,147.4499999999992,147.4799999999992,146.9499999999992,147.01999999999921,1211
2026-06-26T19:45:00+00:00,147.01999999999921,147.8399999999992,146.7799999999992,147.4099999999992,2248
2026-06-29T13:30:00+00:00,147.4099999999992,149.04999999999922,147.1299999999992,148.9899999999992,450
2026-06-29T13:45:00+00:00,148.9899999999992,148.9899999999992,147.8399999999992,147.9799999999992,613
2026-06-29T14:00:00+00:00,147.9799999999992,148.4399999999992,147.6399999999992,147.6499999999992,975
2026-06-29T14:15:00+00:00,147.6499999999992,148.6499999999992,147.5799999999992,148.3499999999992,1218
2026-06-29T14:30:00+00:00,148.3499999999992,148.9099999999992,148.3499999999992,148.7299999999992,1423
2026-06-29T14:45:00+00:00,148.7299999999992,148.76999999999921,148.3199999999992,148.6999999999992,2114
2026-06-29T15:00:00+00:00,148.6999999999992,148.8799999999992,148.3699999999992,148.8099999999992,1583
2026-06-29T15:15:00+00:00,148.8099999999992,148.8899999999992,148.4799999999992,148.6999999999992,1320
2026-06-29T15:30:00+00:00,148.6999999999992,148.8699999999992,148.5599999999992,148.7499999999992,1231
2026-06-29T15:45:00+00:00,148.7499999999992,148.8699999999992,148.5699999999992,148.7899999999992,873
2026-06-29T16:00:00+00:00,148.7899999999992,149.2099999999992,148.7599999999992,149.2099999999992,849
2026-06-29T16:15:00+00:00,149.2099999999992,149.2099999999992,148.8799999999992,148.9299999999992,850
2026-06-29T16:30:00+00:00,148.9299999999992,149.1399999999992,148.8199999999992,148.8599999999992,760
2026-06-29T16:45:00+00:00,148.8599999999992,148.9599999999992,148.6799999999992,148.8599999999992,762
2026-06-29T17:00:00+00:00,148.8599999999992,149.2199999999992,148.8199999999992,149.2199999999992,592
2026-06-29T17:15:00+00:00,149.2199999999992,149.2299999999992,148.8799999999992,148.9799999999992,683
2026-06-29T17:30:00+00:00,148.9799999999992,149.3799999999992,148.9399999999992,149.2899999999992,827
2026-06-29T17:45:00+00:00,149.2899999999992,149.3699999999992,149.0599999999992,149.2899999999992,724
2026-06-29T18:00:00+00:00,149.2899999999992,149.4799999999992,149.1899999999992,149.4299999999992,531
2026-06-29T18:15:00+00:00,149.4299999999992,149.54999999999922,149.2899999999992,149.5399999999992,470
2026-06-29T18:30:00+00:00,149.5399999999992,149.6399999999992,149.3099999999992,149.4399999999992,524
2026-06-29T18:45:00+00:00,149.4399999999992,149.5399999999992,149.29999999999922,149.29999999999922,640
2026-06-29T19:00:00+00:00,149.29999999999922,149.3799999999992,148.9299999999992,148.9799999999992,572
2026-06-29T19:15:00+00:00,148.9799999999992,149.0399999999992,148.8199999999992,148.8799999999992,720
2026-06-29T19:30:00+00:00,148.8799999999992,148.9699999999992,148.3399999999992,148.5799999999992,703
2026-06-29T19:45:00+00:00,148.5799999999992,148.8099999999992,148.1899999999992,148.3799999999992,1279
2026-06-30T13:30:00+00:00,148.3799999999992,148.3799999999992,145.8299999999992,146.5999999999992,768
2026-06-30T13:45:00+00:00,146.5999999999992,147.6999999999992,146.0799999999992,147.4699999999992,792
2026-06-30T14:00:00+00:00,147.4699999999992,147.4899999999992,146.0899999999992,146.6099999999992,1347
2026-06-30T14:15:00+00:00,146.6099999999992,146.9299999999992,146.3599999999992,146.9199999999992,1456
2026-06-30T14:30:00+00:00,146.9199999999992,147.2799999999992,146.8299999999992,147.0099999999992,1271
2026-06-30T14:45:00+00:00,147.0099999999992,147.3699999999992,146.7299999999992,146.7299999999992,1367
2026-06-30T15:00:00+00:00,146.7299999999992,146.9499999999992,146.3299999999992,146.6099999999992,952
2026-06-30T15:15:00+00:00,146.6099999999992,146.6599999999992,146.3199999999992,146.3199999999992,893
2026-06-30T15:30:00+00:00,146.3199999999992,146.4399999999992,145.51999999999921,145.6199999999992,1185
2026-06-30T15:45:00+00:00,145.6199999999992,146.2399999999992,145.6199999999992,146.1699999999992,1320
2026-06-30T16:00:00+00:00,146.1699999999992,146.4999999999992,146.0299999999992,146.3599999999992,865
2026-06-30T16:15:00+00:00,146.3599999999992,146.6799999999992,146.29999999999922,146.6599999999992,881
2026-06-30T16:30:00+00:00,146.6599999999992,146.79999999999922,146.51999999999921,146.5599999999992,651
2026-06-30T16:45:00+00:00,146.5599999999992,146.8099999999992,146.51999999999921,146.7399999999992,578
2026-06-30T17:00:00+00:00,146.7399999999992,146.7599999999992,146.3999999999992,146.3999999999992,512
2026-06-30T17:15:00+00:00,146.3999999999992,146.4699999999992,146.1499999999992,146.2399999999992,475
2026-06-30T17:30:00+00:00,146.2399999999992,146.4399999999992,146.1899999999992,146.3599999999992,561
2026-06-30T17:45:00+00:00,146.3599999999992,146.4599999999992,146.2299999999992,146.2799999999992,461
2026-06-30T18:00:00+00:00,146.2799999999992,146.4099999999992,145.9699999999992,146.1399999999992,580
2026-06-30T18:15:00+00:00,146.1399999999992,146.2299999999992,145.9899999999992,146.1299999999992,568
2026-06-30T18:30:00+00:00,146.1299999999992,146.3199999999992,145.9699999999992,146.2599999999992,654
2026-06-30T18:45:00+00:00,146.2599999999992,146.5699999999992,146.2499999999992,146.4199999999992,580
2026-06-30T19:00:00+00:00,146.4199999999992,146.4399999999992,146.01999999999921,146.1899999999992,670
2026-06-30T19:15:00+00:00,146.1899999999992,146.3099999999992,145.8499999999992,145.9699999999992,670
2026-06-30T19:30:00+00:00,145.9699999999992,146.0099999999992,145.4299999999992,145.5599999999992,1014
2026-06-30T19:45:00+00:00,145.5599999999992,145.8699999999992,145.1699999999992,145.8399999999992,1956
2026-07-01T13:30:00+00:00,145.8399999999992,145.8399999999992,143.8999999999992,145.3499999999992,852
2026-07-01T13:45:00+00:00,145.3499999999992,145.6699999999992,144.4899999999992,144.8899999999992,1356
2026-07-01T14:00:00+00:00,144.8899999999992,145.6799999999992,144.5099999999992,145.6799999999992,1087
2026-07-01T14:15:00+00:00,145.6799999999992,146.0599999999992,145.4399999999992,145.6199999999992,849
2026-07-01T14:30:00+00:00,145.6199999999992,145.9199999999992,145.5299999999992,145.8699999999992,1221
2026-07-01T14:45:00+00:00,145.8699999999992,146.1899999999992,145.3499999999992,146.06999999999923,1373.9749362786747
2026-07-01T15:00:00+00:00,146.06999999999923,146.63999999999922,145.60999999999922,146.50999999999922,1309
2026-07-01T15:15:00+00:00,146.50999999999922,146.76999999999921,146.38999999999922,146.51999999999921,1103
2026-07-01T15:30:00+00:00,146.51999999999921,146.52999999999923,145.93999999999923,146.31999999999923,1248
2026-07-01T15:45:00+00:00,146.31999999999923,146.65999999999923,146.13999999999922,146.4299999999992,846
2026-07-01T16:00:00+00:00,146.4299999999992,146.69999999999922,146.3099999999992,146.65999999999923,943
2026-07-01T16:15:00+00:00,146.65999999999923,147.07999999999922,146.59999999999923,146.78999999999922,933
2026-07-01T16:30:00+00:00,146.78999999999922,146.9299999999992,146.50999999999922,146.6499999999992,780
2026-07-01T16:45:00+00:00,146.6499999999992,146.65999999999923,145.8999999999992,145.8999999999992,878
2026-07-01T17:00:00+00:00,145.8999999999992,146.02999999999923,145.4899999999992,145.62999999999923,1001
2026-07-01T17:15:00+00:00,145.62999999999923,145.91999999999922,145.51999999999921,145.7399999999992,697
2026-07-01T17:30:00+00:00,145.7399999999992,145.8399999999992,145.47999999999922,145.4899999999992,678
2026-07-01T17:45:00+00:00,145.4899999999992,145.6499999999992,145.40999999999923,145.50999999999922,666
2026-07-01T18:00:00+00:00,145.50999999999922,145.7099999999992,145.3699999999992,145.49999999999923,690
2026-07-01T18:15:00+00:00,145.49999999999923,145.69999999999922,145.4299999999992,145.57999999999922,555
2026-07-01T18:30:00+00:00,145.57999999999922,146.03999999999922,145.54999999999922,146.02999999999923,554
2026-07-01T18:45:00+00:00,146.02999999999923,146.0899999999992,145.8099999999992,145.96999999999923,730
2026-07-01T19:00:00+00:00,145.96999999999923,146.19999999999922,145.85999999999922,146.06999999999923,692
2026-07-01T19:15:00+00:00,146.06999999999923,146.22999999999922,145.84999999999923,145.88999999999922,667
2026-07-01T19:30:00+00:00,145.88999999999922,146.16999999999922,145.8099999999992,146.10999999999922,685
2026-07-01T19:45:00+00:00,146.10999999999922,146.3699999999992,145.82999999999922,146.00999999999922,1402
2026-07-02T13:30:00+00:00,146.00999999999922,147.6799999999992,146.00999999999922,146.81999999999923,628
2026-07-02T13:45:00+00:00,146.81999999999923,147.3699999999992,146.13999999999922,146.47999999999922,795
2026-07-02T14:00:00+00:00,146.47999999999922,146.9599999999992,146.2399999999992,146.9599999999992,624
2026-07-02T14:15:00+00:00,146.9599999999992,147.1199999999992,145.8099999999992,145.81999999999923,896
2026-07-02T14:30:00+00:00,145.81999999999923,146.28999999999922,145.32999999999922,145.37999999999923,1063
2026-07-02T14:45:00+00:00,145.37999999999923,146.1199999999992,145.3699999999992,146.1199999999992,1247.227418955704
2026-07-02T15:00:00+00:00,146.1199999999992,146.2199999999992,145.3499999999992,146.0099999999992,1792
2026-07-02T15:15:00+00:00,146.0099999999992,146.1099999999992,145.5899999999992,145.76999999999921,1728
2026-07-02T15:30:00+00:00,145.76999999999921,146.2599999999992,145.7599999999992,145.8399999999992,1523
2026-07-02T15:45:00+00:00,145.8399999999992,145.9099999999992,145.0299999999992,145.1399999999992,1313
2026-07-02T16:00:00+00:00,145.1399999999992,145.4299999999992,144.9699999999992,145.3799999999992,1250
2026-07-02T16:15:00+00:00,145.3799999999992,145.4099999999992,144.8499999999992,144.9499999999992,1218
2026-07-02T16:30:00+00:00,144.9499999999992,145.4299999999992,144.7899999999992,145.3199999999992,1103
2026-07-02T16:45:00+00:00,145.3199999999992,145.3399999999992,144.9499999999992,144.9999999999992,967
2026-07-02T17:00:00+00:00,144.9999999999992,145.0899999999992,144.3799999999992,144.4999999999992,1247
2026-07-02T17:15:00+00:00,144.4999999999992,144.6499999999992,144.2899999999992,144.3199999999992,994
2026-07-02T17:30:00+00:00,144.3199999999992,144.5699999999992,144.0499999999992,144.1199999999992,1098
2026-07-02T17:45:00+00:00,144.1199999999992,144.2399999999992,144.0299999999992,144.0799999999992,920
2026-07-02T18:00:00+00:00,144.0799999999992,144.6099999999992,143.9599999999992,144.5499999999992,961
2026-07-02T18:15:00+00:00,144.5499999999992,144.6299999999992,144.1699999999992,144.5699999999992,876
2026-07-02T18:30:00+00:00,144.5699999999992,144.9199999999992,144.5299999999992,144.8099999999992,710
2026-07-02T18:45:00+00:00,144.8099999999992,144.8499999999992,144.6499999999992,144.76999999999921,710
2026-07-02T19:00:00+00:00,144.76999999999921,144.7999999999992,144.4699999999992,144.5699999999992,839
2026-07-02T19:15:00+00:00,144.5699999999992,144.6099999999992,144.3799999999992,144.4599999999992,714
2026-07-02T19:30:00+00:00,144.4599999999992,145.1099999999992,144.3899999999992,145.0899999999992,872
2026-07-02T19:45:00+00:00,145.0899999999992,145.7899999999992,144.9999999999992,145.6899999999992,1484
2026-07-06T13:30:00+00:00,145.6899999999992,148.9699999999992,145.6899999999992,148.8699999999992,788
2026-07-06T13:45:00+00:00,148.8699999999992,149.1599999999992,148.1599999999992,148.6099999999992,853
2026-07-06T14:00:00+00:00,148.6099999999992,148.7399999999992,148.0899999999992,148.4699999999992,1163
2026-07-06T14:15:00+00:00,148.4699999999992,148.8299999999992,148.1999999999992,148.7499999999992,1350
2026-07-06T14:30:00+00:00,148.7499999999992,148.8699999999992,148.4199999999992,148.6999999999992,1507
2026-07-06T14:45:00+00:00,148.6999999999992,149.1499999999992,148.4999999999992,149.1499999999992,1134
2026-07-06T15:00:00+00:00,149.1499999999992,149.3599999999992,149.0699999999992,149.2399999999992,1075
2026-07-06T15:15:00+00:00,149.2399999999992,149.3299999999992,149.0099999999992,149.0399999999992,892
2026-07-06T15:30:00+00:00,149.0399999999992,149.1999999999992,148.7599999999992,148.8599999999992,846
2026-07-06T15:45:00+00:00,148.8599999999992,148.9499999999992,148.7299999999992,148.8799999999992,530
2026-07-06T16:00:00+00:00,148.8799999999992,148.9899999999992,148.5999999999992,148.7299999999992,599
2026-07-06T16:15:00+00:00,148.7299999999992,148.9599999999992,148.6299999999992,148.8399999999992,580
2026-07-06T16:30:00+00:00,148.8399999999992,148.8399999999992,148.5599999999992,148.6599999999992,539
2026-07-06T16:45:00+00:00,148.6599999999992,148.7399999999992,148.4099999999992,148.4299999999992,420
2026-07-06T17:00:00+00:00,148.4299999999992,148.6899999999992,148.2999999999992,148.6799999999992,607
2026-07-06T17:15:00+00:00,148.6799999999992,148.7799999999992,148.5699999999992,148.5699999999992,415
2026-07-06T17:30:00+00:00,148.5699999999992,148.5999999999992,148.3599999999992,148.4499999999992,623
2026-07-06T17:45:00+00:00,148.4499999999992,148.6899999999992,148.4499999999992,148.6399999999992,486
2026-07-06T18:00:00+00:00,148.6399999999992,148.9199999999992,148.5899999999992,148.7899999999992,629
2026-07-06T18:15:00+00:00,148.7899999999992,149.0799999999992,148.7899999999992,148.9699999999992,472
2026-07-06T18:30:00+00:00,148.9699999999992,149.0099999999992,148.8199999999992,148.8399999999992,403
2026-07-06T18:45:00+00:00,148.8399999999992,149.1299999999992,148.7799999999992,149.1099999999992,518
2026-07-06T19:00:00+00:00,149.1099999999992,149.1499999999992,148.6699999999992,148.7499999999992,483
2026-07-06T19:15:00+00:00,148.7499999999992,149.1999999999992,148.6799999999992,148.9799999999992,749
2026-07-06T19:30:00+00:00,148.9799999999992,149.1699999999992,148.8299999999992,149.0999999999992,635
2026-07-06T19:45:00+00:00,149.0999999999992,149.5799999999992,148.7099999999992,149.5299999999992,1628
2026-07-07T13:30:00+00:00,149.5299999999992,150.2199999999992,148.7999999999992,149.3899999999992,1135
2026-07-07T13:45:00+00:00,149.3899999999992,149.8499999999992,149.2599999999992,149.4599999999992,857
2026-07-07T14:00:00+00:00,149.4599999999992,149.6699999999992,148.9999999999992,149.0599999999992,1251
2026-07-07T14:15:00+00:00,149.0599999999992,149.4099999999992,148.6699999999992,148.8199999999992,1124
2026-07-07T14:30:00+00:00,148.8199999999992,148.9599999999992,147.6499999999992,147.7099999999992,1284
2026-07-07T14:45:00+00:00,147.7099999999992,147.9799999999992,147.5699999999992,147.7599999999992,1006
2026-07-07T15:00:00+00:00,147.7599999999992,147.8699999999992,147.4099999999992,147.4099999999992,1208
2026-07-07T15:15:00+00:00,147.4099999999992,147.9099999999992,147.3499999999992,147.8899999999992,1179
2026-07-07T15:30:00+00:00,147.8899999999992,148.2399999999992,147.7299999999992,147.7799999999992,954
2026-07-07T15:45:00+00:00,147.7799999999992,147.9199999999992,147.4399999999992,147.5299999999992,912
2026-07-07T16:00:00+00:00,147.5299999999992,147.6899999999992,147.01999999999921,147.5499999999992,830
2026-07-07T16:15:00+00:00,147.5499999999992,147.6799999999992,147.3699999999992,147.5499999999992,712
2026-07-07T16:30:00+00:00,147.5499999999992,147.7199999999992,147.4399999999992,147.6299999999992,592
2026-07-07T16:45:00+00:00,147.6299999999992,147.6999999999992,147.4799999999992,147.6199999999992,474
2026-07-07T17:00:00+00:00,147.6199999999992,147.7599999999992,147.4599999999992,147.5799999999992,508
2026-07-07T17:15:00+00:00,147.5799999999992,147.9299999999992,147.5799999999992,147.8499999999992,454
2026-07-07T17:30:00+00:00,147.8499999999992,148.0899999999992,147.8199999999992,147.8399999999992,500
2026-07-07T17:45:00+00:00,147.8399999999992,147.8499999999992,147.5899999999992,147.6499999999992,449
2026-07-07T18:00:00+00:00,147.6499999999992,147.6999999999992,147.2599999999992,147.2799999999992,583
2026-07-07T18:15:00+00:00,147.2799999999992,147.5599999999992,147.2499999999992,147.4199999999992,478
2026-07-07T18:30:00+00:00,147.4199999999992,147.4799999999992,147.2399999999992,147.4299999999992,464
2026-07-07T18:45:00+00:00,147.4299999999992,147.4499999999992,147.1299999999992,147.2499999999992,761
2026-07-07T19:00:00+00:00,147.2499999999992,147.2799999999992,146.9399999999992,147.0299999999992,703
2026-07-07T19:15:00+00:00,147.0299999999992,147.0699999999992,146.6999999999992,146.7199999999992,974
2026-07-07T19:30:00+00:00,146.7199999999992,146.8399999999992,146.6099999999992,146.6699999999992,849
2026-07-07T19:45:00+00:00,146.6699999999992,147.0999999999992,146.3599999999992,146.4999999999992,1167
2026-07-08T13:30:00+00:00,146.4999999999992,146.4999999999992,144.3699999999992,145.4699999999992,959
2026-07-08T13:45:00+00:00,145.4699999999992,145.9999999999992,144.9899999999992,145.4499999999992,781
2026-07-08T14:00:00+00:00,145.4499999999992,145.7099999999992,144.9499999999992,144.9499999999992,888
2026-07-08T14:15:00+00:00,144.9499999999992,144.9599999999992,143.9099999999992,144.7299999999992,1242
2026-07-08T14:30:00+00:00,144.7299999999992,144.7399999999992,143.2299999999992,143.5099999999992,1051
2026-07-08T14:45:00+00:00,143.5099999999992,143.6599999999992,142.9199999999992,143.6399999999992,1094.766228344813
2026-07-08T15:00:00+00:00,143.6399999999992,144.0499999999992,143.4599999999992,143.8899999999992,1392
2026-07-08T15:15:00+00:00,143.8899999999992,144.0099999999992,143.3499999999992,143.5599999999992,1318
2026-07-08T15:30:00+00:00,143.5599999999992,143.7999999999992,143.4199999999992,143.6099999999992,1040
2026-07-08T15:45:00+00:00,143.6099999999992,143.6399999999992,143.2499999999992,143.4099999999992,879
2026-07-08T16:00:00+00:00,143.4099999999992,143.7999999999992,143.3699999999992,143.7399999999992,914
2026-07-08T16:15:00+00:00,143.7399999999992,143.8699999999992,143.6499999999992,143.8499999999992,818
2026-07-08T16:30:00+00:00,143.8499999999992,144.1799999999992,143.6999999999992,144.1399999999992,917
2026-07-08T16:45:00+00:00,144.1399999999992,144.1999999999992,143.9099999999992,144.0599999999992,760
2026-07-08T17:00:00+00:00,144.0599999999992,144.1999999999992,143.9499999999992,143.9899999999992,801
2026-07-08T17:15:00+00:00,143.9899999999992,144.1699999999992,143.9799999999992,144.1399999999992,606
2026-07-08T17:30:00+00:00,144.1399999999992,144.2999999999992,144.0099999999992,144.1299999999992,696
2026-07-08T17:45:00+00:00,144.1299999999992,144.1299999999992,143.7599999999992,143.8299999999992,620
2026-07-08T18:00:00+00:00,143.8299999999992,143.8799999999992,143.5299999999992,143.6799999999992,768
2026-07-08T18:15:00+00:00,143.6799999999992,143.7199999999992,143.3799999999992,143.4299999999992,609
2026-07-08T18:30:00+00:00,143.4299999999992,143.6699999999992,143.2599999999992,143.5999999999992,721
2026-07-08T18:45:00+00:00,143.5999999999992,143.6999999999992,143.3799999999992,143.5099999999992,624
2026-07-08T19:00:00+00:00,143.5099999999992,143.5299999999992,143.3099999999992,143.4599999999992,508
2026-07-08T19:15:00+00:00,143.4599999999992,143.5699999999992,143.3099999999992,143.4399999999992,478
2026-07-08T19:30:00+00:00,143.4399999999992,143.4699999999992,143.0799999999992,143.1399999999992,662
2026-07-08T19:45:00+00:00,143.1399999999992,143.3799999999992,142.9799999999992,143.2099999999992,1240
2026-07-09T13:30:00+00:00,143.2099999999992,144.6299999999992,143.2099999999992,144.1599999999992,528
2026-07-09T13:45:00+00:00,144.1599999999992,144.5099999999992,143.7799999999992,144.0999999999992,742
2026-07-09T14:00:00+00:00,144.0999999999992,144.8499999999992,144.0699999999992,144.7299999999992,932
2026-07-09T14:15:00+00:00,144.7299999999992,145.0199999999992,144.5899999999992,144.7199999999992,1091
2026-07-09T14:30:00+00:00,144.7199999999992,144.9899999999992,144.5999999999992,144.8099999999992,980
2026-07-09T14:45:00+00:00,144.8099999999992,145.1699999999992,144.5299999999992,145.1399999999992,998
2026-07-09T15:00:00+00:00,145.1399999999992,145.1399999999992,144.4599999999992,144.5099999999992,795
2026-07-09T15:15:00+00:00,144.5099999999992,144.7799999999992,144.4899999999992,144.5299999999992,819
2026-07-09T15:30:00+00:00,144.5299999999992,144.7799999999992,144.4599999999992,144.7099999999992,585
2026-07-09T15:45:00+00:00,144.7099999999992,144.7599999999992,144.5799999999992,144.6199999999992,472
2026-07-09T16:00:00+00:00,144.6199999999992,145.1999999999992,144.6199999999992,145.1899999999992,627
2026-07-09T16:15:00+00:00,145.1899999999992,145.2199999999992,145.0299999999992,145.0899999999992,609
2026-07-09T16:30:00+00:00,145.0899999999992,145.1099999999992,144.8499999999992,144.9599999999992,598
2026-07-09T16:45:00+00:00,144.9599999999992,145.0299999999992,144.6699999999992,144.6999999999992,506
2026-07-09T17:00:00+00:00,144.6999999999992,144.9299999999992,144.6899999999992,144.7199999999992,501
2026-07-09T17:15:00+00:00,144.7199999999992,145.0999999999992,144.6599999999992,145.0299999999992,484
2026-07-09T17:30:00+00:00,145.0299999999992,145.1999999999992,144.9199999999992,145.0799999999992,605
2026-07-09T17:45:00+00:00,145.0799999999992,145.1599999999992,144.7899999999992,144.9399999999992,419
2026-07-09T18:00:00+00:00,144.9399999999992,145.3999999999992,144.8399999999992,145.3599999999992,670
2026-07-09T18:15:00+00:00,145.3599999999992,145.4699999999992,145.2299999999992,145.4499999999992,613
2026-07-09T18:30:00+00:00,145.4499999999992,145.4899999999992,145.2699999999992,145.3799999999992,559
2026-07-09T18:45:00+00:00,145.3799999999992,145.5899999999992,145.3099999999992,145.4299999999992,390
2026-07-09T19:00:00+00:00,145.4299999999992,145.4999999999992,145.2699999999992,145.4299999999992,357
2026-07-09T19:15:00+00:00,145.4299999999992,145.4999999999992,145.1099999999992,145.1599999999992,529
2026-07-09T19:30:00+00:00,145.1599999999992,145.5399999999992,145.0999999999992,145.4799999999992,590
2026-07-09T19:45:00+00:00,145.4799999999992,145.4799999999992,145.1199999999992,145.3299999999992,1055
2026-07-10T13:30:00+00:00,145.3299999999992,146.9499999999992,145.3299999999992,146.2299999999992,735
2026-07-10T13:45:00+00:00,146.2299999999992,146.7999999999992,145.9999999999992,146.3399999999992,857
2026-07-10T14:00:00+00:00,146.3399999999992,146.6699999999992,145.8099999999992,145.8399999999992,886
2026-07-10T14:15:00+00:00,145.8399999999992,146.8699999999992,145.8199999999992,146.6499999999992,901
2026-07-10T14:30:00+00:00,146.6499999999992,146.7099999999992,145.4599999999992,146.4599999999992,1082
2026-07-10T14:45:00+00:00,146.4599999999992,146.6599999999992,146.1799999999992,146.26999999999921,604.6311121219013
2026-07-10T15:00:00+00:00,146.26999999999921,146.8099999999992,146.19999999999922,146.6199999999992,847
2026-07-10T15:15:00+00:00,146.6199999999992,146.8499999999992,146.50999999999922,146.57999999999922,899
2026-07-10T15:30:00+00:00,146.57999999999922,146.7799999999992,146.3799999999992,146.6599999999992,891
2026-07-10T15:45:00+00:00,146.6599999999992,147.04999999999922,146.6299999999992,146.7399999999992,579
2026-07-10T16:00:00+00:00,146.7399999999992,146.82999999999922,146.63999999999922,146.76999999999921,418
2026-07-10T16:15:00+00:00,146.76999999999921,146.9699999999992,146.6299999999992,146.72999999999922,576
2026-07-10T16:30:00+00:00,146.72999999999922,146.9599999999992,146.7199999999992,146.8999999999992,567
2026-07-10T16:45:00+00:00,146.8999999999992,147.0599999999992,146.8799999999992,146.9899999999992,416
2026-07-10T17:00:00+00:00,146.9899999999992,147.04999999999922,146.8999999999992,147.0299999999992,430
2026-07-10T17:15:00+00:00,147.0299999999992,147.0999999999992,146.8999999999992,147.0999999999992,317
2026-07-10T17:30:00+00:00,147.0999999999992,147.2199999999992,147.0299999999992,147.0299999999992,520
2026-07-10T17:45:00+00:00,147.0299999999992,147.0699999999992,146.7899999999992,146.8699999999992,417
2026-07-10T18:00:00+00:00,146.8699999999992,146.8699999999992,146.6599999999992,146.7199999999992,408
2026-07-10T18:15:00+00:00,146.7199999999992,146.8799999999992,146.69999999999922,146.75999999999922,434
2026-07-10T18:30:00+00:00,146.75999999999922,146.8799999999992,146.69999999999922,146.79999999999922,224
2026-07-10T18:45:00+00:00,146.79999999999922,146.8199999999992,146.6799999999992,146.7199999999992,275
2026-07-10T19:00:00+00:00,146.7199999999992,146.72999999999922,146.5399999999992,146.5599999999992,296
2026-07-10T19:15:00+00:00,146.5599999999992,146.5699999999992,146.32999999999922,146.5299999999992,354
2026-07-10T19:30:00+00:00,146.5299999999992,146.6199999999992,146.3799999999992,146.54999999999922,579
2026-07-10T19:45:00+00:00,146.54999999999922,146.9999999999992,146.26999999999921,146.4699999999992,1088
2026-07-13T13:30:00+00:00,146.4699999999992,147.04999999999922,145.01999999999921,145.04999999999922,1141
2026-07-13T13:45:00+00:00,145.04999999999922,145.3399999999992,144.6799999999992,144.8999999999992,1252
2026-07-13T14:00:00+00:00,144.8999999999992,144.9999999999992,144.1899999999992,144.8499999999992,1296
2026-07-13T14:15:00+00:00,144.8499999999992,145.0399999999992,143.47999999999922,144.94999999999922,1388
2026-07-13T14:30:00+00:00,144.94999999999922,144.94999999999922,144.1499999999992,144.1599999999992,795
2026-07-13T14:45:00+00:00,144.1599999999992,144.2099999999992,143.8099999999992,143.8499999999992,1019
2026-07-13T15:00:00+00:00,143.8499999999992,144.10999999999922,143.32999999999922,144.01999999999921,1234
2026-07-13T15:15:00+00:00,144.01999999999921,144.0999999999992,143.5999999999992,143.66999999999922,945
2026-07-13T15:30:00+00:00,143.66999999999922,144.01999999999921,143.5699999999992,143.8399999999992,1047
2026-07-13T15:45:00+00:00,143.8399999999992,143.9699999999992,143.6799999999992,143.9399999999992,896
2026-07-13T16:00:00+00:00,143.9399999999992,144.0899999999992,143.8399999999992,143.9699999999992,862
2026-07-13T16:15:00+00:00,143.9699999999992,144.1199999999992,143.7799999999992,143.8799999999992,929
2026-07-13T16:30:00+00:00,143.8799999999992,144.2199999999992,143.5899999999992,144.2099999999992,1188
2026-07-13T16:45:00+00:00,144.2099999999992,144.3399999999992,144.0299999999992,144.1199999999992,911
2026-07-13T17:00:00+00:00,144.1199999999992,144.4999999999992,144.04999999999922,144.41999999999922,827
2026-07-13T17:15:00+00:00,144.41999999999922,144.4699999999992,144.1499999999992,144.25999999999922,996
2026-07-13T17:30:00+00:00,144.25999999999922,144.88999999999922,144.1899999999992,144.6799999999992,874
2026-07-13T17:45:00+00:00,144.6799999999992,144.88999999999922,144.41999999999922,144.4899999999992,1107
2026-07-13T18:00:00+00:00,144.4899999999992,144.8099999999992,144.4699999999992,144.6299999999992,1060
2026-07-13T18:15:00+00:00,144.6299999999992,144.97999999999922,144.5599999999992,144.76999999999921,1056
2026-07-13T18:30:00+00:00,144.76999999999921,145.00999999999922,144.6299999999992,144.9099999999992,824
2026-07-13T18:45:00+00:00,144.9099999999992,145.1199999999992,144.8199999999992,145.07999999999922,859
2026-07-13T19:00:00+00:00,145.07999999999922,145.3199999999992,145.0399999999992,145.26999999999921,904
2026-07-13T19:15:00+00:00,145.26999999999921,145.3999999999992,144.97999999999922,145.1899999999992,933
2026-07-13T19:30:00+00:00,145.1899999999992,145.75999999999922,145.1299999999992,145.7399999999992,1168
2026-07-13T19:45:00+00:00,145.7399999999992,146.5399999999992,145.7199999999992,146.3699999999992,2235
2026-07-14T13:30:00+00:00,146.3699999999992,149.01999999999921,142.7899999999992,148.7899999999992,890
2026-07-14T13:45:00+00:00,148.7899999999992,149.38999999999922,147.3699999999992,147.8699999999992,900
2026-07-14T14:00:00+00:00,147.8699999999992,149.9399999999992,147.85999999999922,149.7899999999992,1401
2026-07-14T14:15:00+00:00,149.7899999999992,149.91999999999922,147.8699999999992,148.94999999999922,811
2026-07-14T14:30:00+00:00,148.94999999999922,149.5399999999992,148.8499999999992,149.2099999999992,992
2026-07-14T14:45:00+00:00,149.2099999999992,149.25999999999922,148.54999999999922,148.8399999999992,916
2026-07-14T15:00:00+00:00,148.8399999999992,149.3499999999992,147.7899999999992,148.07999999999922,1183
2026-07-14T15:15:00+00:00,148.07999999999922,148.0999999999992,143.0899999999992,143.7199999999992,1234
2026-07-14T15:30:00+00:00,143.7199999999992,143.79999999999922,138.2099999999992,139.0299999999992,1644
2026-07-14T15:45:00+00:00,139.0299999999992,140.6899999999992,138.79999999999922,140.4599999999992,1467
2026-07-14T16:00:00+00:00,140.4599999999992,141.3099999999992,140.13999999999922,140.7199999999992,1429
2026-07-14T16:15:00+00:00,140.7199999999992,140.7399999999992,139.38999999999922,139.69999999999922,981
2026-07-14T16:30:00+00:00,139.69999999999922,141.0899999999992,139.3499999999992,140.47999999999922,1230
2026-07-14T16:45:00+00:00,140.47999999999922,140.60999999999922,139.6799999999992,140.1799999999992,808
2026-07-14T17:00:00+00:00,140.1799999999992,140.88999999999922,140.0399999999992,140.3099999999992,881
2026-07-14T17:15:00+00:00,140.3099999999992,140.72999999999922,139.6199999999992,139.76999999999921,774
2026-07-14T17:30:00+00:00,139.76999999999921,139.76999999999921,138.8099999999992,138.91999999999922,877
2026-07-14T17:45:00+00:00,138.91999999999922,139.01999999999921,137.8199999999992,138.13999999999922,763
2026-07-14T18:00:00+00:00,138.13999999999922,139.00999999999922,137.9899999999992,138.3499999999992,923
2026-07-14T18:15:00+00:00,138.3499999999992,138.8099999999992,138.07999999999922,138.3499999999992,804
2026-07-14T18:30:00+00:00,138.3499999999992,139.29999999999922,138.3399999999992,139.0699999999992,860
2026-07-14T18:45:00+00:00,139.0699999999992,139.8199999999992,138.9899999999992,139.6799999999992,878
2026-07-14T19:00:00+00:00,139.6799999999992,140.07999999999922,139.4399999999992,139.6499999999992,963
2026-07-14T19:15:00+00:00,139.6499999999992,139.72999999999922,139.0899999999992,139.4099999999992,1090
2026-07-14T19:30:00+00:00,139.4099999999992,139.60999999999922,139.00999999999922,139.07999999999922,1444
2026-07-14T19:45:00+00:00,139.07999999999922,140.4699999999992,138.7899999999992,138.9599999999992,2440
2026-07-15T13:30:00+00:00,138.9599999999992,140.2499999999992,137.5299999999992,139.91999999999922,875
2026-07-15T13:45:00+00:00,139.91999999999922,140.2499999999992,138.8499999999992,139.8799999999992,1347
2026-07-15T14:00:00+00:00,139.8799999999992,139.9699999999992,138.3999999999992,139.19999999999922,1187
2026-07-15T14:15:00+00:00,139.19999999999922,139.9599999999992,139.1599999999992,139.7099999999992,1308
2026-07-15T14:30:00+00:00,139.7099999999992,140.6199999999992,138.7799999999992,139.94999999999922,1409
2026-07-15T14:45:00+00:00,139.94999999999922,140.3499999999992,138.97999999999922,139.49999999999923,1277.4635352286773
2026-07-15T15:00:00+00:00,139.49999999999923,139.8399999999992,139.1199999999992,139.59999999999923,905
2026-07-15T15:15:00+00:00,139.59999999999923,139.99999999999923,139.10999999999922,139.53999999999922,943
2026-07-15T15:30:00+00:00,139.53999999999922,139.9899999999992,139.46999999999923,139.63999999999922,930
2026-07-15T15:45:00+00:00,139.63999999999922,140.74999999999923,139.5899999999992,140.6499999999992,1012
2026-07-15T16:00:00+00:00,140.6499999999992,140.8099999999992,140.28999999999922,140.3399999999992,1172
2026-07-15T16:15:00+00:00,140.3399999999992,140.41999999999922,139.09999999999923,139.72999999999922,1590
2026-07-15T16:30:00+00:00,139.72999999999922,139.9599999999992,139.22999999999922,139.47999999999922,971
2026-07-15T16:45:00+00:00,139.47999999999922,139.84999999999923,139.47999999999922,139.74999999999923,1058
2026-07-15T17:00:00+00:00,139.74999999999923,140.10999999999922,139.40999999999923,139.49999999999923,1062
2026-07-15T17:15:00+00:00,139.49999999999923,139.56999999999923,138.87999999999923,139.21999999999923,1023
2026-07-15T17:30:00+00:00,139.21999999999923,139.8399999999992,139.19999999999922,139.8099999999992,931
2026-07-15T17:45:00+00:00,139.8099999999992,140.27999999999923,139.71999999999923,140.0599999999992,770
2026-07-15T18:00:00+00:00,140.0599999999992,140.32999999999922,139.99999999999923,140.03999999999922,826
2026-07-15T18:15:00+00:00,140.03999999999922,140.12999999999923,139.7099999999992,139.8699999999992,843
2026-07-15T18:30:00+00:00,139.8699999999992,140.0899999999992,139.84999999999923,140.01999999999921,706
2026-07-15T18:45:00+00:00,140.01999999999921,140.25999999999922,139.84999999999923,140.01999999999921,818
2026-07-15T19:00:00+00:00,140.01999999999921,140.15999999999923,139.82999999999922,139.88999999999922,624
2026-07-15T19:15:00+00:00,139.88999999999922,140.52999999999923,139.85999999999922,140.28999999999922,778
2026-07-15T19:30:00+00:00,140.28999999999922,140.7099999999992,139.85999999999922,140.52999999999923,1011
2026-07-15T19:45:00+00:00,140.52999999999923,140.91999999999922,140.24999999999923,140.8399999999992,1645
2026-07-16T13:30:00+00:00,140.8399999999992,140.8399999999992,138.6599999999992,139.2399999999992,660.6543262111276
2026-07-16T13:45:00+00:00,139.2399999999992,139.3699999999992,137.4399999999992,137.7899999999992,1173
2026-07-16T14:00:00+00:00,137.7899999999992,139.29999999999922,137.7599999999992,139.1899999999992,1127
2026-07-16T14:15:00+00:00,139.1899999999992,139.5599999999992,138.82999999999922,139.54999999999922,1108
2026-07-16T14:30:00+00:00,139.54999999999922,139.88999999999922,139.3499999999992,139.7399999999992,1087
2026-07-16T14:45:00+00:00,139.7399999999992,139.7799999999992,139.4699999999992,139.6299999999992,805
2026-07-16T15:00:00+00:00,139.6299999999992,139.76999999999921,139.4399999999992,139.5299999999992,742
2026-07-16T15:15:00+00:00,139.5299999999992,139.7799999999992,138.6799999999992,138.6899999999992,802
2026-07-16T15:30:00+00:00,138.6899999999992,138.9099999999992,138.5299999999992,138.6199999999992,759
2026-07-16T15:45:00+00:00,138.6199999999992,138.7599999999992,138.26999999999921,138.6199999999992,828
2026-07-16T16:00:00+00:00,138.6199999999992,138.63999999999922,138.2099999999992,138.3099999999992,944
2026-07-16T16:15:00+00:00,138.3099999999992,138.4899999999992,138.0399999999992,138.1799999999992,1026
2026-07-16T16:30:00+00:00,138.1799999999992,138.4399999999992,137.9499999999992,138.3699999999992,988
2026-07-16T16:45:00+00:00,138.3699999999992,138.6799999999992,138.32999999999922,138.57999999999922,967
2026-07-16T17:00:00+00:00,138.57999999999922,138.7399999999992,138.3399999999992,138.4099999999992,982
2026-07-16T17:15:00+00:00,138.4099999999992,138.4899999999992,138.04999999999922,138.0999999999992,922
2026-07-16T17:30:00+00:00,138.0999999999992,138.2799999999992,137.7099999999992,137.9199999999992,951
2026-07-16T17:45:00+00:00,137.9199999999992,138.0299999999992,137.1199999999992,137.3499999999992,780
2026-07-16T18:00:00+00:00,137.3499999999992,137.5899999999992,137.1199999999992,137.3499999999992,965
2026-07-16T18:15:00+00:00,137.3499999999992,137.9799999999992,137.2399999999992,137.8199999999992,891
2026-07-16T18:30:00+00:00,137.8199999999992,137.9499999999992,137.5599999999992,137.6999999999992,906
2026-07-16T18:45:00+00:00,137.6999999999992,137.9099999999992,137.6499999999992,137.7099999999992,848
2026-07-16T19:00:00+00:00,137.7099999999992,138.1599999999992,137.7099999999992,137.9599999999992,748
2026-07-16T19:15:00+00:00,137.9599999999992,138.4799999999992,137.7399999999992,137.9199999999992,904
2026-07-16T19:30:00+00:00,137.9199999999992,137.9799999999992,137.4099999999992,137.4299999999992,919
2026-07-16T19:45:00+00:00,137.4299999999992,137.9099999999992,137.2599999999992,137.7399999999992,1519
2026-07-17T13:30:00+00:00,137.7399999999992,137.7399999999992,132.91999999999922,134.9699999999993,1008
2026-07-17T13:45:00+00:00,134.9699999999993,136.2499999999993,134.8299999999993,135.59999999999928,1088
2026-07-17T14:00:00+00:00,135.59999999999928,136.87999999999928,135.53999999999928,136.69999999999928,1236
2026-07-17T14:15:00+00:00,136.69999999999928,137.0499999999993,136.4599999999993,136.7499999999993,1126
2026-07-17T14:30:00+00:00,136.7499999999993,137.12999999999928,136.2699999999993,136.2999999999993,1410
2026-07-17T14:45:00+00:00,136.2999999999993,136.8299999999993,136.1899999999993,136.4699999999993,1196
2026-07-17T15:00:00+00:00,136.4699999999993,136.7199999999993,136.25999999999928,136.50999999999928,1032
2026-07-17T15:15:00+00:00,136.50999999999928,136.72999999999928,136.2099999999993,136.59999999999928,1043
2026-07-17T15:30:00+00:00,136.59999999999928,136.72999999999928,136.03999999999928,136.31999999999928,1108
2026-07-17T15:45:00+00:00,136.31999999999928,136.44999999999928,136.1599999999993,136.1799999999993,1006
2026-07-17T16:00:00+00:00,136.1799999999993,136.4999999999993,135.91999999999928,136.4299999999993,909
2026-07-17T16:15:00+00:00,136.4299999999993,136.47999999999928,135.81999999999928,136.1399999999993,853
2026-07-17T16:30:00+00:00,136.1399999999993,136.25999999999928,135.8999999999993,136.0899999999993,863
2026-07-17T16:45:00+00:00,136.0899999999993,136.2999999999993,135.9099999999993,135.9599999999993,624
2026-07-17T17:00:00+00:00,135.9599999999993,136.1199999999993,135.81999999999928,136.0899999999993,673
2026-07-17T17:15:00+00:00,136.0899999999993,136.09999999999928,135.87999999999928,135.9699999999993,539
2026-07-17T17:30:00+00:00,135.9699999999993,136.09999999999928,135.7399999999993,135.8599999999993,607
2026-07-17T17:45:00+00:00,135.8599999999993,136.1099999999993,135.7199999999993,135.8699999999993,744
2026-07-17T18:00:00+00:00,135.8699999999993,136.1099999999993,135.78999999999928,135.8299999999993,719
2026-07-17T18:15:00+00:00,135.8299999999993,135.8599999999993,135.19999999999928,135.28999999999928,664
2026-07-17T18:30:00+00:00,135.28999999999928,135.4999999999993,135.1599999999993,135.2999999999993,594
2026-07-17T18:45:00+00:00,135.2999999999993,135.56999999999928,135.2399999999993,135.2499999999993,623
2026-07-17T19:00:00+00:00,135.2499999999993,135.4399999999993,134.9999999999993,135.31999999999928,618
2026-07-17T19:15:00+00:00,135.31999999999928,135.3999999999993,134.9699999999993,135.19999999999928,720
2026-07-17T19:30:00+00:00,135.19999999999928,135.62999999999928,134.9899999999993,135.62999999999928,825
2026-07-17T19:45:00+00:00,135.62999999999928,135.8599999999993,135.06999999999928,135.31999999999928,1422
2026-07-20T13:30:00+00:00,135.31999999999928,137.1399999999993,135.31999999999928,136.2399999999993,1030
2026-07-20T13:45:00+00:00,136.2399999999993,136.2699999999993,135.4099999999993,135.62999999999928,1313
2026-07-20T14:00:00+00:00,135.62999999999928,135.9699999999993,134.9899999999993,135.6599999999993,1320
2026-07-20T14:15:00+00:00,135.6599999999993,135.7999999999993,135.0599999999993,135.1599999999993,1179
2026-07-20T14:30:00+00:00,135.1599999999993,135.9599999999993,135.0899999999993,135.81999999999928,1227
2026-07-20T14:45:00+00:00,135.81999999999928,136.2399999999993,135.7199999999993,135.91999999999928,1113.1226808027263
2026-07-20T15:00:00+00:00,135.91999999999928,136.28999999999928,135.82999999999927,135.97999999999928,1136
2026-07-20T15:15:00+00:00,135.97999999999928,136.30999999999926,135.82999999999927,136.04999999999927,877
2026-07-20T15:30:00+00:00,136.04999999999927,136.19999999999928,135.81999999999928,135.94999999999928,898
2026-07-20T15:45:00+00:00,135.94999999999928,136.41999999999928,135.85999999999927,136.24999999999926,798
2026-07-20T16:00:00+00:00,136.24999999999926,136.52999999999926,135.86999999999927,135.91999999999928,769
2026-07-20T16:15:00+00:00,135.91999999999928,135.93999999999926,135.73999999999927,135.82999999999927,441
2026-07-20T16:30:00+00:00,135.82999999999927,135.93999999999926,135.49999999999926,135.77999999999926,660
2026-07-20T16:45:00+00:00,135.77999999999926,135.96999999999926,135.45999999999927,135.51999999999927,826
2026-07-20T17:00:00+00:00,135.51999999999927,135.68999999999926,135.39999999999927,135.45999999999927,738
2026-07-20T17:15:00+00:00,135.45999999999927,135.49999999999926,135.20999999999927,135.36999999999927,517
2026-07-20T17:30:00+00:00,135.36999999999927,135.38999999999928,135.09999999999928,135.30999999999926,594
2026-07-20T17:45:00+00:00,135.30999999999926,135.47999999999928,135.15999999999926,135.44999999999928,459
2026-07-20T18:00:00+00:00,135.44999999999928,135.52999999999926,135.28999999999928,135.38999999999928,647
2026-07-20T18:15:00+00:00,135.38999999999928,135.54999999999927,135.34999999999928,135.51999999999927,623
2026-07-20T18:30:00+00:00,135.51999999999927,135.53999999999928,135.16999999999928,135.16999999999928,684
2026-07-20T18:45:00+00:00,135.16999999999928,135.42999999999927,135.06999999999928,135.41999999999928,689
2026-07-20T19:00:00+00:00,135.41999999999928,135.41999999999928,134.80999999999926,134.80999999999926,584
2026-07-20T19:15:00+00:00,134.80999999999926,134.99999999999926,134.45999999999927,134.77999999999926,646
2026-07-20T19:30:00+00:00,134.77999999999926,134.86999999999927,134.41999999999928,134.49999999999926,846
2026-07-20T19:45:00+00:00,134.49999999999926,134.69999999999928,134.23999999999927,134.68999999999926,1507
2026-07-21T13:30:00+00:00,134.68999999999926,136.98999999999927,134.68999999999926,136.39999999999927,651
2026-07-21T13:45:00+00:00,136.39999999999927,137.93999999999926,136.39999999999927,137.83999999999926,1078
2026-07-21T14:00:00+00:00,137.83999999999926,138.31999999999928,137.71999999999926,137.98999999999927,1221
2026-07-21T14:15:00+00:00,137.98999999999927,138.06999999999928,137.62999999999928,137.92999999999927,1030
2026-07-21T14:30:00+00:00,137.92999999999927,138.10999999999927,137.42999999999927,137.86999999999927,890
2026-07-21T14:45:00+00:00,137.86999999999927,138.22999999999928,137.69999999999928,137.77999999999926,756
2026-07-21T15:00:00+00:00,137.77999999999926,138.39999999999927,137.77999999999926,138.35999999999927,927
2026-07-21T15:15:00+00:00,138.35999999999927,138.54999999999927,138.22999999999928,138.50999999999928,899
2026-07-21T15:30:00+00:00,138.50999999999928,138.56999999999928,138.10999999999927,138.29999999999927,626
2026-07-21T15:45:00+00:00,138.29999999999927,138.55999999999926,138.24999999999926,138.42999999999927,754
2026-07-21T16:00:00+00:00,138.42999999999927,139.00999999999928,138.42999999999927,138.92999999999927,665
2026-07-21T16:15:00+00:00,138.92999999999927,139.15999999999926,138.90999999999926,139.10999999999927,637
2026-07-21T16:30:00+00:00,139.10999999999927,139.21999999999926,138.98999999999927,139.15999999999926,416
2026-07-21T16:45:00+00:00,139.15999999999926,139.38999999999928,139.02999999999926,139.30999999999926,495
2026-07-21T17:00:00+00:00,139.30999999999926,139.42999999999927,139.14999999999927,139.27999999999926,475
2026-07-21T17:15:00+00:00,139.27999999999926,139.29999999999927,139.05999999999926,139.08999999999926,487
2026-07-21T17:30:00+00:00,139.08999999999926,139.15999999999926,139.01999999999927,139.05999999999926,389
2026-07-21T17:45:00+00:00,139.05999999999926,139.10999999999927,138.75999999999928,138.82999999999927,556
2026-07-21T18:00:00+00:00,138.82999999999927,138.91999999999928,138.65999999999926,138.67999999999927,504
2026-07-21T18:15:00+00:00,138.67999999999927,138.92999999999927,138.66999999999928,138.87999999999928,414
2026-07-21T18:30:00+00:00,138.87999999999928,138.95999999999927,138.71999999999926,138.92999999999927,446
2026-07-21T18:45:00+00:00,138.92999999999927,138.94999999999928,138.67999999999927,138.67999999999927,403
2026-07-21T19:00:00+00:00,138.67999999999927,138.81999999999928,138.60999999999927,138.63999999999928,366
2026-07-21T19:15:00+00:00,138.63999999999928,138.67999999999927,138.49999999999926,138.58999999999926,364
2026-07-21T19:30:00+00:00,138.58999999999926,138.69999999999928,138.39999999999927,138.52999999999926,612
2026-07-21T19:45:00+00:00,138.52999999999926,138.73999999999927,138.32999999999927,138.68999999999926,1120
2026-07-22T13:30:00+00:00,138.68999999999926,139.71999999999926,138.44999999999928,139.03999999999928,622
2026-07-22T13:45:00+00:00,139.03999999999928,139.32999999999927,138.55999999999926,138.91999999999928,1092
2026-07-22T14:00:00+00:00,138.91999999999928,138.91999999999928,137.98999999999927,137.98999999999927,953
2026-07-22T14:15:00+00:00,137.98999999999927,138.82999999999927,137.93999999999926,138.45999999999927,1136
2026-07-22T14:30:00+00:00,138.45999999999927,139.02999999999926,138.39999999999927,139.01999999999927,922
2026-07-22T14:45:00+00:00,139.01999999999927,139.30999999999926,138.70999999999927,138.87999999999928,859
2026-07-22T15:00:00+00:00,138.87999999999928,139.19999999999928,138.81999999999928,139.15999999999926,837
2026-07-22T15:15:00+00:00,139.15999999999926,139.69999999999928,139.09999999999928,139.62999999999928,640
2026-07-22T15:30:00+00:00,139.62999999999928,139.71999999999926,139.37999999999928,139.46999999999926,682
2026-07-22T15:45:00+00:00,139.46999999999926,139.57999999999927,139.24999999999926,139.39999999999927,584
2026-07-22T16:00:00+00:00,139.39999999999927,139.50999999999928,139.28999999999928,139.44999999999928,420
2026-07-22T16:15:00+00:00,139.44999999999928,139.45999999999927,139.09999999999928,139.42999999999927,453
2026-07-22T16:30:00+00:00,139.42999999999927,139.47999999999928,139.29999999999927,139.34999999999928,372
2026-07-22T16:45:00+00:00,139.34999999999928,139.38999999999928,139.04999999999927,139.12999999999928,342
2026-07-22T17:00:00+00:00,139.12999999999928,139.21999999999926,138.89999999999927,138.89999999999927,498
2026-07-22T17:15:00+00:00,138.89999999999927,138.98999999999927,138.61999999999927,138.61999999999927,392
2026-07-22T17:30:00+00:00,138.61999999999927,138.82999999999927,138.61999999999927,138.79999999999927,375
2026-07-22T17:45:00+00:00,138.79999999999927,138.94999999999928,138.70999999999927,138.79999999999927,364
2026-07-22T18:00:00+00:00,138.79999999999927,138.84999999999928,138.61999999999927,138.65999999999926,457
2026-07-22T18:15:00+00:00,138.65999999999926,138.81999999999928,138.58999999999926,138.63999999999928,392
2026-07-22T18:30:00+00:00,138.63999999999928,138.70999999999927,138.55999999999926,138.56999999999928,301
2026-07-22T18:45:00+00:00,138.56999999999928,138.75999999999928,138.49999999999926,138.68999999999926,324
2026-07-22T19:00:00+00:00,138.68999999999926,138.69999999999928,138.27999999999926,138.38999999999928,410
2026-07-22T19:15:00+00:00,138.38999999999928,138.53999999999928,138.17999999999927,138.23999999999927,568
2026-07-22T19:30:00+00:00,138.23999999999927,138.75999999999928,138.20999999999927,138.63999999999928,678
2026-07-22T19:45:00+00:00,138.63999999999928,138.73999999999927,138.14999999999927,138.24999999999926,1029
2026-07-23T13:30:00+00:00,138.24999999999926,138.24999999999926,135.89999999999927,137.40999999999926,621
2026-07-23T13:45:00+00:00,137.40999999999926,137.71999999999926,136.39999999999927,136.66999999999928,1056
2026-07-23T14:00:00+00:00,136.66999999999928,137.59999999999928,136.66999999999928,137.39999999999927,1117
2026-07-23T14:15:00+00:00,137.39999999999927,137.83999999999926,137.27999999999926,137.74999999999926,935
2026-07-23T14:30:00+00:00,137.74999999999926,138.18999999999926,137.51999999999927,137.74999999999926,1017
2026-07-23T14:45:00+00:00,137.74999999999926,138.09999999999928,137.48999999999927,137.86999999999927,1145
2026-07-23T15:00:00+00:00,137.86999999999927,137.86999999999927,137.30999999999926,137.38999999999928,1253
2026-07-23T15:15:00+00:00,137.38999999999928,137.45999999999927,136.93999999999926,137.24999999999926,1138
2026-07-23T15:30:00+00:00,137.24999999999926,137.71999999999926,136.99999999999926,137.53999999999928,1189
2026-07-23T15:45:00+00:00,137.53999999999928,137.55999999999926,137.22999999999928,137.46999999999926,802
2026-07-23T16:00:00+00:00,137.46999999999926,137.74999999999926,137.32999999999927,137.63999999999928,724
2026-07-23T16:15:00+00:00,137.63999999999928,138.21999999999926,137.61999999999927,138.13999999999928,769
2026-07-23T16:30:00+00:00,138.13999999999928,138.20999999999927,137.77999999999926,137.85999999999927,773
2026-07-23T16:45:00+00:00,137.85999999999927,137.85999999999927,137.45999999999927,137.60999999999927,689
2026-07-23T17:00:00+00:00,137.60999999999927,137.78999999999928,137.51999999999927,137.54999999999927,721
2026-07-23T17:15:00+00:00,137.54999999999927,137.76999999999927,137.50999999999928,137.54999999999927,555
2026-07-23T17:30:00+00:00,137.54999999999927,137.55999999999926,137.07999999999927,137.25999999999928,555
2026-07-23T17:45:00+00:00,137.25999999999928,137.42999999999927,137.21999999999926,137.21999999999926,426
2026-07-23T18:00:00+00:00,137.21999999999926,137.46999999999926,137.02999999999926,137.32999999999927,546
2026-07-23T18:15:00+00:00,137.32999999999927,137.60999999999927,137.32999999999927,137.48999999999927,505
2026-07-23T18:30:00+00:00,137.48999999999927,137.66999999999928,137.42999999999927,137.66999999999928,409
2026-07-23T18:45:00+00:00,137.66999999999928,137.77999999999926,137.57999999999927,137.63999999999928,546
2026-07-23T19:00:00+00:00,137.63999999999928,137.92999999999927,137.63999999999928,137.82999999999927,479
2026-07-23T19:15:00+00:00,137.82999999999927,138.28999999999928,137.80999999999926,138.14999999999927,661
2026-07-23T19:30:00+00:00,138.14999999999927,138.37999999999928,138.08999999999926,138.17999999999927,769
2026-07-23T19:45:00+00:00,138.17999999999927,138.25999999999928,137.45999999999927,137.74999999999926,1725
2026-07-24T13:30:00+00:00,137.74999999999926,138.87999999999928,137.14999999999927,138.72999999999928,587
2026-07-24T13:45:00+00:00,138.72999999999928,139.06999999999928,137.89999999999927,138.42999999999927,856
2026-07-24T14:00:00+00:00,138.42999999999927,138.70999999999927,138.03999999999928,138.23999999999927,895
2026-07-24T14:15:00+00:00,138.23999999999927,138.33999999999926,137.64999999999927,137.78999999999928,876
2026-07-24T14:30:00+00:00,137.78999999999928,137.97999999999928,137.26999999999927,137.26999999999927,760
2026-07-24T14:45:00+00:00,137.26999999999927,138.32999999999927,137.26999999999927,138.25999999999928,823
2026-07-24T15:00:00+00:00,138.25999999999928,138.53999999999928,138.10999999999927,138.46999999999926,1115
2026-07-24T15:15:00+00:00,138.46999999999926,138.82999999999927,138.30999999999926,138.72999999999928,985
2026-07-24T15:30:00+00:00,138.72999999999928,139.16999999999928,138.62999999999928,138.69999999999928,850
2026-07-24T15:45:00+00:00,138.69999999999928,138.81999999999928,138.63999999999928,138.75999999999928,655
2026-07-24T16:00:00+00:00,138.75999999999928,138.76999999999927,138.26999999999927,138.29999999999927,738
2026-07-24T16:15:00+00:00,138.29999999999927,138.57999999999927,138.25999999999928,138.46999999999926,463
2026-07-24T16:30:00+00:00,138.46999999999926,138.46999999999926,138.18999999999926,138.20999999999927,568
2026-07-24T16:45:00+00:00,138.20999999999927,138.30999999999926,137.81999999999928,138.05999999999926,656
2026-07-24T17:00:00+00:00,138.05999999999926,138.06999999999928,137.65999999999926,137.81999999999928,748
2026-07-24T17:15:00+00:00,137.81999999999928,137.93999999999926,137.70999999999927,137.86999999999927,580
2026-07-24T17:30:00+00:00,137.86999999999927,138.03999999999928,137.67999999999927,137.95999999999927,490
2026-07-24T17:45:00+00:00,137.95999999999927,138.08999999999926,137.89999999999927,137.98999999999927,545
2026-07-24T18:00:00+00:00,137.98999999999927,138.23999999999927,137.93999999999926,137.97999999999928,644
2026-07-24T18:15:00+00:00,137.97999999999928,138.15999999999926,137.82999999999927,137.97999999999928,687
2026-07-24T18:30:00+00:00,137.97999999999928,138.03999999999928,137.57999999999927,137.63999999999928,712
2026-07-24T18:45:00+00:00,137.63999999999928,137.78999999999928,137.52999999999926,137.62999999999928,555
2026-07-24T19:00:00+00:00,137.62999999999928,137.67999999999927,137.44999999999928,137.48999999999927,522
2026-07-24T19:15:00+00:00,137.48999999999927,137.58999999999926,137.34999999999928,137.45999999999927,514
2026-07-24T19:30:00+00:00,137.45999999999927,137.82999999999927,137.45999999999927,137.78999999999928,701
2026-07-24T19:45:00+00:00,137.78999999999928,138.20999999999927,137.22999999999928,138.06999999999928,1071
2026-07-27T13:30:00+00:00,138.06999999999928,141.17999999999927,138.06999999999928,140.01999999999927,889
2026-07-27T13:45:00+00:00,140.01999999999927,140.37999999999928,139.80999999999926,140.26999999999927,982
2026-07-27T14:00:00+00:00,140.26999999999927,140.64999999999927,139.45999999999927,139.82999999999927,910
2026-07-27T14:15:00+00:00,139.82999999999927,139.91999999999928,138.69999999999928,138.76999999999927,772
2026-07-27T14:30:00+00:00,138.76999999999927,138.76999999999927,137.80999999999926,138.08999999999926,1055
2026-07-27T14:45:00+00:00,138.08999999999926,138.85999999999927,138.06999999999928,138.77999999999926,696
2026-07-27T15:00:00+00:00,138.77999999999926,139.08999999999926,138.51999999999927,138.85999999999927,741
2026-07-27T15:15:00+00:00,138.85999999999927,138.95999999999927,138.40999999999926,138.93999999999926,820
2026-07-27T15:30:00+00:00,138.93999999999926,139.01999999999927,138.41999999999928,138.56999999999928,927
2026-07-27T15:45:00+00:00,138.56999999999928,138.56999999999928,137.99999999999926,138.04999999999927,731
2026-07-27T16:00:00+00:00,138.04999999999927,138.41999999999928,138.01999999999927,138.12999999999928,932
2026-07-27T16:15:00+00:00,138.12999999999928,138.34999999999928,137.79999999999927,138.17999999999927,1074
2026-07-27T16:30:00+00:00,138.17999999999927,138.32999999999927,137.88999999999928,137.91999999999928,694
2026-07-27T16:45:00+00:00,137.91999999999928,138.13999999999928,137.39999999999927,137.56999999999928,709
2026-07-27T17:00:00+00:00,137.56999999999928,137.64999999999927,137.10999999999927,137.16999999999928,645
2026-07-27T17:15:00+00:00,137.16999999999928,137.36999999999927,136.89999999999927,137.17999999999927,671
2026-07-27T17:30:00+00:00,137.17999999999927,137.56999999999928,137.11999999999927,137.51999999999927,538
2026-07-27T17:45:00+00:00,137.51999999999927,137.62999999999928,137.39999999999927,137.4699999999993,440.7681992337165
2026-07-27T18:00:00+00:00,137.4699999999993,137.7199999999993,137.3299999999993,137.48999999999924,434.1780549224426
2026-07-27T18:15:00+00:00,137.48999999999924,137.64999999999924,137.23999999999924,137.64999999999924,539
2026-07-27T18:30:00+00:00,137.64999999999924,137.65999999999926,137.31999999999925,137.39999999999924,546
2026-07-27T18:45:00+00:00,137.39999999999924,137.81999999999925,137.28999999999925,137.78999999999925,497
2026-07-27T19:00:00+00:00,137.78999999999925,138.09999999999926,137.66999999999925,138.01999999999924,425
2026-07-27T19:15:00+00:00,138.01999999999924,138.37999999999926,137.99999999999926,138.34999999999926,547
2026-07-27T19:30:00+00:00,138.34999999999926,138.79999999999924,138.28999999999925,138.74999999999926,625
2026-07-27T19:45:00+00:00,138.74999999999926,139.11999999999924,138.55999999999926,139.06999999999925,1353
2026-07-28T13:30:00+00:00,139.06999999999925,139.06999999999925,136.48999999999924,137.13999999999925,1567
2026-07-28T13:45:00+00:00,137.13999999999925,138.31999999999925,136.88999999999925,137.74999999999926,1607
2026-07-28T14:00:00+00:00,137.74999999999926,138.17999999999924,137.59999999999926,137.60999999999925,1307
2026-07-28T14:15:00+00:00,137.60999999999925,137.96999999999926,137.52999999999926,137.85999999999925,1351
2026-07-28T14:30:00+00:00,137.85999999999925,137.92999999999924,137.18999999999926,137.25999999999925,1436
2026-07-28T14:45:00+00:00,137.25999999999925,137.98999999999924,137.06999999999925,137.73999999999924,1269
2026-07-28T15:00:00+00:00,137.73999999999924,137.98999999999924,137.35999999999925,137.51999999999924,1326
2026-07-28T15:15:00+00:00,137.51999999999924,137.88999999999925,137.31999999999925,137.69999999999925,816
2026-07-28T15:30:00+00:00,137.69999999999925,138.26999999999924,137.69999999999925,138.09999999999926,510
2026-07-28T15:45:00+00:00,138.09999999999926,138.21999999999926,137.88999999999925,138.16999999999925,532
2026-07-28T16:00:00+00:00,138.16999999999925,138.21999999999926,137.92999999999924,137.97999999999925,407
2026-07-28T16:15:00+00:00,137.97999999999925,138.06999999999925,137.78999999999925,138.02999999999926,313
2026-07-28T16:30:00+00:00,138.02999999999926,138.16999999999925,137.91999999999925,138.08999999999926,383
2026-07-28T16:45:00+00:00,138.08999999999926,138.41999999999925,137.95999999999924,138.31999999999925,303
2026-07-28T17:00:00+00:00,138.31999999999925,138.45999999999924,138.10999999999925,138.16999999999925,387
2026-07-28T17:15:00+00:00,138.16999999999925,138.37999999999926,138.10999999999925,138.11999999999924,494
2026-07-28T17:30:00+00:00,138.11999999999924,138.16999999999925,137.79999999999924,137.82999999999925,353
2026-07-28T17:45:00+00:00,137.82999999999925,137.90999999999926,137.70999999999924,137.75999999999925,382
2026-07-28T18:00:00+00:00,137.75999999999925,138.06999999999925,137.65999999999926,137.66999999999925,372
2026-07-28T18:15:00+00:00,137.66999999999925,137.87999999999926,137.49999999999926,137.52999999999926,551
2026-07-28T18:30:00+00:00,137.52999999999926,137.69999999999925,137.31999999999925,137.60999999999925,639
2026-07-28T18:45:00+00:00,137.60999999999925,137.64999999999924,137.41999999999925,137.44999999999925,509
2026-07-28T19:00:00+00:00,137.44999999999925,137.71999999999926,137.34999999999926,137.61999999999924,750
2026-07-28T19:15:00+00:00,137.61999999999924,138.00999999999925,137.55999999999926,137.92999999999924,419
2026-07-28T19:30:00+00:00,137.92999999999924,138.16999999999925,137.88999999999925,138.05999999999926,391
2026-07-28T19:45:00+00:00,138.05999999999926,138.57999999999925,137.74999999999926,138.28999999999925,887
2026-07-29T13:30:00+00:00,138.28999999999925,138.28999999999925,136.67999999999924,136.68999999999926,834
2026-07-29T13:45:00+00:00,136.68999999999926,136.82999999999925,134.22999999999925,134.37999999999926,1190
2026-07-29T14:00:00+00:00,134.37999999999926,135.10999999999925,134.12999999999926,134.65999999999926,1457
2026-07-29T14:15:00+00:00,134.65999999999926,135.03999999999925,134.33999999999926,134.73999999999924,1237
2026-07-29T14:30:00+00:00,134.73999999999924,134.85999999999925,134.26999999999924,134.36999999999924,1211
2026-07-29T14:45:00+00:00,134.36999999999924,134.99999999999926,134.31999999999925,134.82999999999927,1404.5073293632615
2026-07-29T15:00:00+00:00,134.82999999999927,135.09999999999928,134.62999999999928,134.85999999999927,1006
2026-07-29T15:15:00+00:00,134.85999999999927,135.07999999999927,134.6599999999993,134.81999999999928,860
2026-07-29T15:30:00+00:00,134.81999999999928,135.00999999999928,134.0599999999993,134.17999999999927,976
2026-07-29T15:45:00+00:00,134.17999999999927,134.35999999999927,133.83999999999926,134.03999999999925,1176
2026-07-29T16:00:00+00:00,134.03999999999925,134.16999999999925,133.70999999999924,133.72999999999925,946
2026-07-29T16:15:00+00:00,133.72999999999925,134.14999999999924,133.67999999999927,134.01999999999924,1048
2026-07-29T16:30:00+00:00,134.01999999999924,134.13999999999925,133.82999999999925,133.92999999999927,904
2026-07-29T16:45:00+00:00,133.92999999999927,134.26999999999924,133.82999999999925,134.16999999999925,942
2026-07-29T17:00:00+00:00,134.16999999999925,134.67999999999924,134.07999999999925,134.48999999999924,813
2026-07-29T17:15:00+00:00,134.48999999999924,134.73999999999924,134.36999999999924,134.39999999999924,898
2026-07-29T17:30:00+00:00,134.39999999999924,134.59999999999926,134.18999999999926,134.22999999999925,1008
2026-07-29T17:45:00+00:00,134.22999999999925,134.25999999999925,133.83999999999924,133.84999999999926,776
2026-07-29T18:00:00+00:00,133.84999999999926,134.65999999999926,133.82999999999925,133.96999999999926,1543
2026-07-29T18:15:00+00:00,133.96999999999926,134.15999999999926,133.29999999999927,133.4599999999993,1042
2026-07-29T18:30:00+00:00,133.4599999999993,134.3699999999993,133.24999999999932,134.3599999999993,1815
2026-07-29T18:45:00+00:00,134.3599999999993,135.2299999999993,134.27999999999932,135.2099999999993,1383
2026-07-29T19:00:00+00:00,135.2099999999993,135.24999999999932,134.1299999999993,134.24999999999932,1231
2026-07-29T19:15:00+00:00,134.24999999999932,134.5199999999993,133.3599999999993,133.45999999999927,1441
2026-07-29T19:30:00+00:00,133.45999999999927,133.48999999999927,132.59999999999923,132.74999999999923,1635
2026-07-29T19:45:00+00:00,132.74999999999923,133.16999999999922,132.57999999999925,133.00999999999922,2426
2026-07-30T13:30:00+00:00,133.00999999999922,135.94999999999925,133.00999999999922,135.79999999999924,1363
2026-07-30T13:45:00+00:00,135.79999999999924,136.55999999999923,135.70999999999924,136.27999999999923,1430
2026-07-30T14:00:00+00:00,136.27999999999923,136.88999999999925,135.89999999999924,136.79999999999924,1136
2026-07-30T14:15:00+00:00,136.79999999999924,137.21999999999923,136.72999999999925,136.97999999999925,787
2026-07-30T14:30:00+00:00,136.97999999999925,137.43999999999923,136.92999999999924,137.01999999999924,823
2026-07-30T14:45:00+00:00,137.01999999999924,137.17999999999924,136.69999999999925,136.73999999999924,882
2026-07-30T15:00:00+00:00,136.73999999999924,136.76999999999924,135.87999999999926,136.18999999999923,958
2026-07-30T15:15:00+00:00,136.18999999999923,136.54999999999924,136.10999999999925,136.30999999999923,1076
2026-07-30T15:30:00+00:00,136.30999999999923,136.69999999999925,136.11999999999924,136.54999999999924,901
2026-07-30T15:45:00+00:00,136.54999999999924,137.11999999999924,136.52999999999923,136.97999999999925,512
2026-07-30T16:00:00+00:00,136.97999999999925,137.40999999999926,136.93999999999923,137.39999999999924,481
2026-07-30T16:15:00+00:00,137.39999999999924,137.49999999999923,137.09999999999926,137.22999999999925,349
2026-07-30T16:30:00+00:00,137.22999999999925,137.39999999999924,137.11999999999924,137.23999999999924,514
2026-07-30T16:45:00+00:00,137.23999999999924,137.86999999999924,137.21999999999923,137.79999999999924,310
2026-07-30T17:00:00+00:00,137.79999999999924,138.08999999999924,137.77999999999923,137.93999999999923,347
2026-07-30T17:15:00+00:00,137.93999999999923,138.05999999999923,137.77999999999923,137.86999999999924,316
2026-07-30T17:30:00+00:00,137.86999999999924,137.91999999999925,137.68999999999923,137.71999999999923,447
2026-07-30T17:45:00+00:00,137.71999999999923,137.84999999999926,137.59999999999926,137.64999999999924,274
2026-07-30T18:00:00+00:00,137.64999999999924,137.85999999999925,137.62999999999926,137.73999999999924,302
2026-07-30T18:15:00+00:00,137.73999999999924,137.94999999999925,137.71999999999923,137.93999999999923,303
2026-07-30T18:30:00+00:00,137.93999999999923,138.09999999999926,137.78999999999925,138.09999999999926,186
2026-07-30T18:45:00+00:00,138.09999999999926,138.14999999999924,137.96999999999923,138.10999999999925,253
2026-07-30T19:00:00+00:00,138.10999999999925,138.32999999999925,138.02999999999923,138.12999999999926,292
2026-07-30T19:15:00+00:00,138.12999999999926,138.41999999999925,138.00999999999925,138.21999999999923,368
2026-07-30T19:30:00+00:00,138.21999999999923,138.49999999999923,138.17999999999924,138.46999999999923,410
2026-07-30T19:45:00+00:00,138.46999999999923,138.48999999999924,138.11999999999924,138.24999999999923,935
2026-07-31T13:30:00+00:00,138.24999999999923,141.03999999999925,138.24999999999923,139.28999999999925,1353
2026-07-31T13:45:00+00:00,139.28999999999925,139.74999999999923,138.54999999999924,138.65999999999926,2180
2026-07-31T14:00:00+00:00,138.65999999999926,138.76999999999924,137.92999999999924,138.26999999999924,2469
2026-07-31T14:15:00+00:00,138.26999999999924,138.88999999999925,137.83999999999924,138.82999999999925,1891
2026-07-31T14:30:00+00:00,138.82999999999925,139.04999999999924,138.41999999999925,138.51999999999924,1531
2026-07-31T14:45:00+00:00,138.51999999999924,138.97999999999925,138.39999999999924,138.75999999999925,1702
2026-07-31T15:00:00+00:00,138.75999999999925,139.25999999999925,138.67999999999924,139.11999999999924,1602
2026-07-31T15:15:00+00:00,139.11999999999924,139.40999999999926,138.69999999999925,138.94999999999925,2001
2026-07-31T15:30:00+00:00,138.94999999999925,139.44999999999925,138.79999999999924,138.84999999999926,1861
2026-07-31T15:45:00+00:00,138.84999999999926,138.94999999999925,138.51999999999924,138.83999999999924,1769
2026-07-31T16:00:00+00:00,138.83999999999924,138.92999999999924,138.65999999999926,138.82999999999925,1269
2026-07-31T16:15:00+00:00,138.82999999999925,139.01999999999924,138.66999999999925,138.85999999999925,1091
2026-07-31T16:30:00+00:00,138.85999999999925,139.07999999999925,138.81999999999925,138.89999999999924,999
2026-07-31T16:45:00+00:00,138.89999999999924,139.11999999999924,138.77999999999923,138.77999999999923,841
2026-07-31T17:00:00+00:00,138.77999999999923,138.98999999999924,138.61999999999924,138.94999999999925,892
2026-07-31T17:15:00+00:00,138.94999999999925,139.10999999999925,138.85999999999925,139.00999999999925,693
2026-07-31T17:30:00+00:00,139.00999999999925,139.17999999999924,138.91999999999925,139.05999999999923,837
2026-07-31T17:45:00+00:00,139.05999999999923,139.23999999999924,138.93999999999923,139.08999999999924,903
2026-07-31T18:00:00+00:00,139.08999999999924,139.21999999999923,138.93999999999923,138.98999999999924,720
2026-07-31T18:15:00+00:00,138.98999999999924,139.14999999999924,138.75999999999925,138.91999999999925,798
2026-07-31T18:30:00+00:00,138.91999999999925,139.38999999999925,138.91999999999925,139.25999999999925,849
2026-07-31T18:45:00+00:00,139.25999999999925,139.27999999999923,139.08999999999924,139.22999999999925,556
2026-07-31T19:00:00+00:00,139.22999999999925,139.29999999999924,138.95999999999924,139.20999999999924,761
2026-07-31T19:15:00+00:00,139.20999999999924,139.38999999999925,139.08999999999924,139.17999999999924,816
2026-07-31T19:30:00+00:00,139.17999999999924,139.19999999999925,138.78999999999925,139.17999999999924,988
2026-07-31T19:45:00+00:00,139.17999999999924,139.27999999999923,138.32999999999925,138.50999999999925,1861
2026-08-03T13:30:00+00:00,138.50999999999925,138.51999999999924,136.60999999999925,137.44999999999925,1287
2026-08-03T13:45:00+00:00,137.44999999999925,137.93999999999923,137.29999999999924,137.79999999999924,1699
2026-08-03T14:00:00+00:00,137.79999999999924,138.24999999999923,137.69999999999925,138.16999999999925,1498
2026-08-03T14:15:00+00:00,138.16999999999925,138.39999999999924,137.94999999999925,138.21999999999923,1266
2026-08-03T14:30:00+00:00,138.21999999999923,138.46999999999923,137.67999999999924,137.74999999999923,1099
2026-08-03T14:45:00+00:00,137.74999999999923,138.35999999999925,137.58999999999924,138.01999999999924,1067
2026-08-03T15:00:00+00:00,138.01999999999924,138.09999999999926,137.66999999999925,137.84999999999926,820
2026-08-03T15:15:00+00:00,137.84999999999926,138.27999999999923,137.84999999999926,137.93999999999923,772
2026-08-03T15:30:00+00:00,137.93999999999923,138.16999999999925,137.80999999999923,137.80999999999923,710
2026-08-03T15:45:00+00:00,137.80999999999923,138.30999999999923,137.80999999999923,137.94999999999925,724
2026-08-03T16:00:00+00:00,137.94999999999925,138.04999999999924,137.75999999999925,137.86999999999924,576
2026-08-03T16:15:00+00:00,137.86999999999924,137.88999999999925,137.72999999999925,137.81999999999925,442
2026-08-03T16:30:00+00:00,137.81999999999925,137.82999999999925,137.58999999999924,137.76999999999924,530
2026-08-03T16:45:00+00:00,137.76999999999924,137.81999999999925,137.42999999999924,137.57999999999925,539
2026-08-03T17:00:00+00:00,137.57999999999925,137.68999999999923,137.23999999999924,137.50999999999925,545
2026-08-03T17:15:00+00:00,137.50999999999925,137.75999999999925,137.46999999999923,137.58999999999924,471
2026-08-03T17:30:00+00:00,137.58999999999924,137.91999999999925,137.58999999999924,137.85999999999925,457
2026-08-03T17:45:00+00:00,137.85999999999925,138.37999999999926,137.82999999999925,138.33999999999924,702
2026-08-03T18:00:00+00:00,138.33999999999924,138.49999999999923,138.14999999999924,138.42999999999924,619
2026-08-03T18:15:00+00:00,138.42999999999924,138.64999999999924,138.39999999999924,138.46999999999923,491
2026-08-03T18:30:00+00:00,138.46999999999923,138.52999999999923,138.30999999999923,138.44999999999925,419
2026-08-03T18:45:00+00:00,138.44999999999925,138.49999999999923,138.35999999999925,138.40999999999926,409
2026-08-03T19:00:00+00:00,138.40999999999926,138.72999999999925,138.37999999999926,138.70999999999924,532
2026-08-03T19:15:00+00:00,138.70999999999924,138.79999999999924,138.48999999999924,138.60999999999925,427
2026-08-03T19:30:00+00:00,138.60999999999925,138.74999999999923,138.54999999999924,138.73999999999924,591
2026-08-03T19:45:00+00:00,138.73999999999924,139.54999999999924,138.69999999999925,139.44999999999925,1292
2026-08-04T13:30:00+00:00,139.44999999999925,141.90999999999926,138.72999999999925,141.21999999999923,1530
2026-08-04T13:45:00+00:00,141.21999999999923,141.51999999999924,140.55999999999923,141.28999999999925,2043
2026-08-04T14:00:00+00:00,141.28999999999925,142.18999999999923,141.26999999999924,142.13999999999925,2142
2026-08-04T14:15:00+00:00,142.13999999999925,142.47999999999925,141.95999999999924,142.26999999999924,1982
2026-08-04T14:30:00+00:00,142.26999999999924,143.14999999999924,142.05999999999923,143.05999999999923,1957
2026-08-04T14:45:00+00:00,143.05999999999923,143.90999999999926,143.03999999999925,143.77999999999923,1255
2026-08-04T15:00:00+00:00,143.77999999999923,143.95999999999924,143.48999999999924,143.57999999999925,1282
2026-08-04T15:15:00+00:00,143.57999999999925,143.69999999999925,143.28999999999925,143.32999999999925,990
2026-08-04T15:30:00+00:00,143.32999999999925,143.50999999999925,143.11999999999924,143.37999999999926,1449
2026-08-04T15:45:00+00:00,143.37999999999926,143.61999999999924,143.29999999999924,143.43999999999923,927
2026-08-04T16:00:00+00:00,143.43999999999923,143.60999999999925,143.23999999999924,143.24999999999923,1007
2026-08-04T16:15:00+00:00,143.24999999999923,143.61999999999924,143.06999999999925,143.54999999999924,743
2026-08-04T16:30:00+00:00,143.54999999999924,143.62999999999926,143.25999999999925,143.47999999999925,761
2026-08-04T16:45:00+00:00,143.47999999999925,143.57999999999925,143.18999999999923,143.28999999999925,819
2026-08-04T17:00:00+00:00,143.28999999999925,143.39999999999924,143.01999999999924,143.05999999999923,868
2026-08-04T17:15:00+00:00,143.05999999999923,143.19999999999925,142.86999999999924,142.87999999999926,1039
2026-08-04T17:30:00+00:00,142.87999999999926,143.02999999999923,142.73999999999924,142.77999999999923,779
2026-08-04T17:45:00+00:00,142.77999999999923,142.89999999999924,142.45999999999924,142.72999999999925,1137
2026-08-04T18:00:00+00:00,142.72999999999925,142.90999999999926,142.28999999999925,142.88999999999925,1200
2026-08-04T18:15:00+00:00,142.88999999999925,143.02999999999923,142.69999999999925,142.86999999999924,981
2026-08-04T18:30:00+00:00,142.86999999999924,142.94999999999925,142.55999999999923,142.70999999999924,798
2026-08-04T18:45:00+00:00,142.70999999999924,143.08999999999924,142.70999999999924,142.99999999999923,809
2026-08-04T19:00:00+00:00,142.99999999999923,143.57999999999925,142.99999999999923,143.32999999999925,850
2026-08-04T19:15:00+00:00,143.32999999999925,143.37999999999926,142.73999999999924,142.84999999999926,959
2026-08-04T19:30:00+00:00,142.84999999999926,143.02999999999923,142.70999999999924,142.95999999999924,1003
2026-08-04T19:45:00+00:00,142.95999999999924,143.14999999999924,142.66999999999925,142.83999999999924,1536
2026-08-05T13:30:00+00:00,142.83999999999924,144.17999999999924,142.42999999999924,144.15999999999926,1291
2026-08-05T13:45:00+00:00,144.15999999999926,144.80999999999923,143.74999999999923,144.55999999999923,1529
2026-08-05T14:00:00+00:00,144.55999999999923,145.10999999999925,144.26999999999924,144.88999999999925,2053
2026-08-05T14:15:00+00:00,144.88999999999925,144.97999999999925,144.29999999999924,144.48999999999924,1088
2026-08-05T14:30:00+00:00,144.48999999999924,144.59999999999926,144.00999999999925,144.15999999999926,1270
2026-08-05T14:45:00+00:00,144.15999999999926,144.72999999999925,144.02999999999923,144.13999999999925,2289.907760176459
2026-08-05T15:00:00+00:00,144.13999999999925,144.68999999999926,144.10999999999925,144.20999999999924,1752
2026-08-05T15:15:00+00:00,144.20999999999924,144.22999999999925,143.71999999999926,144.11999999999927,1929
2026-08-05T15:30:00+00:00,144.11999999999927,144.25999999999925,143.72999999999925,143.94999999999925,1573
2026-08-05T15:45:00+00:00,143.94999999999925,144.15999999999926,143.83999999999926,144.04999999999924,1452
2026-08-05T16:00:00+00:00,144.04999999999924,144.52999999999926,144.04999999999924,144.35999999999925,1773
2026-08-05T16:15:00+00:00,144.35999999999925,144.72999999999925,144.26999999999924,144.42999999999927,1563
2026-08-05T16:30:00+00:00,144.42999999999927,144.53999999999925,144.27999999999926,144.37999999999926,1042
2026-08-05T16:45:00+00:00,144.37999999999926,144.60999999999925,144.26999999999924,144.51999999999924,932
2026-08-05T17:00:00+00:00,144.51999999999924,144.57999999999925,144.32999999999925,144.42999999999927,1073
2026-08-05T17:15:00+00:00,144.42999999999927,144.55999999999926,144.37999999999926,144.43999999999926,1073
2026-08-05T17:30:00+00:00,144.43999999999926,144.79999999999924,144.33999999999926,144.61999999999927,977
2026-08-05T17:45:00+00:00,144.61999999999927,144.68999999999926,144.34999999999926,144.38999999999925,734
2026-08-05T18:00:00+00:00,144.38999999999925,144.41999999999925,144.09999999999926,144.13999999999925,748
2026-08-05T18:15:00+00:00,144.13999999999925,144.28999999999925,144.08999999999926,144.15999999999926,780
2026-08-05T18:30:00+00:00,144.15999999999926,144.19999999999925,144.02999999999926,144.13999999999925,897
2026-08-05T18:45:00+00:00,144.13999999999925,144.37999999999926,144.09999999999926,144.11999999999927,851
2026-08-05T19:00:00+00:00,144.11999999999927,144.31999999999925,144.08999999999926,144.15999999999926,904
2026-08-05T19:15:00+00:00,144.15999999999926,144.17999999999927,143.89999999999927,144.03999999999925,788
2026-08-05T19:30:00+00:00,144.03999999999925,144.16999999999925,143.80999999999926,143.81999999999925,917
2026-08-05T19:45:00+00:00,143.81999999999925,143.90999999999926,143.46999999999926,143.69999999999925,1663
2026-08-06T13:30:00+00:00,143.69999999999925,144.39999999999924,142.27999999999923,143.33999999999924,1238
2026-08-06T13:45:00+00:00,143.33999999999924,143.33999999999924,142.03999999999925,142.26999999999924,1808
2026-08-06T14:00:00+00:00,142.26999999999924,142.98999999999924,142.19999999999925,142.91999999999925,1880
2026-08-06T14:15:00+00:00,142.91999999999925,142.94999999999925,142.01999999999924,142.10999999999925,1851
2026-08-06T14:30:00+00:00,142.10999999999925,142.33999999999924,141.53999999999925,141.53999999999925,1859
2026-08-06T14:45:00+00:00,141.53999999999925,141.57999999999925,141.04999999999924,141.12999999999926,1835
2026-08-06T15:00:00+00:00,141.12999999999926,141.41999999999925,140.76999999999924,140.76999999999924,1900
2026-08-06T15:15:00+00:00,140.76999999999924,140.92999999999924,140.64999999999924,140.71999999999926,1937
2026-08-06T15:30:00+00:00,140.71999999999926,140.89999999999924,140.61999999999924,140.68999999999926,1429
2026-08-06T15:45:00+00:00,140.68999999999926,140.96999999999926,140.66999999999925,140.75999999999925,1563
2026-08-06T16:00:00+00:00,140.75999999999925,141.10999999999925,140.57999999999925,140.77999999999923,1669
2026-08-06T16:15:00+00:00,140.77999999999923,141.57999999999925,140.62999999999926,141.50999999999925,1696
2026-08-06T16:30:00+00:00,141.50999999999925,141.71999999999926,141.45999999999924,141.63999999999925,1547
2026-08-06T16:45:00+00:00,141.63999999999925,141.73999999999924,141.43999999999926,141.55999999999923,1281
2026-08-06T17:00:00+00:00,141.55999999999923,141.55999999999923,141.18999999999926,141.20999999999924,1118
2026-08-06T17:15:00+00:00,141.20999999999924,141.25999999999925,140.58999999999924,140.64999999999924,1193
2026-08-06T17:30:00+00:00,140.64999999999924,140.99999999999926,140.51999999999924,140.89999999999924,1327
2026-08-06T17:45:00+00:00,140.89999999999924,141.17999999999924,140.87999999999926,141.14999999999924,994
2026-08-06T18:00:00+00:00,141.14999999999924,141.19999999999925,140.89999999999924,140.98999999999924,878
2026-08-06T18:15:00+00:00,140.98999999999924,141.19999999999925,140.93999999999926,140.96999999999926,1207
2026-08-06T18:30:00+00:00,140.96999999999926,141.03999999999925,140.85999999999925,140.92999999999924,654
2026-08-06T18:45:00+00:00,140.92999999999924,141.09999999999926,140.89999999999924,141.00999999999925,663
2026-08-06T19:00:00+00:00,141.00999999999925,141.26999999999924,140.96999999999926,141.16999999999925,861
2026-08-06T19:15:00+00:00,141.16999999999925,141.24999999999926,140.65999999999926,140.66999999999925,1074
2026-08-06T19:30:00+00:00,140.66999999999925,140.70999999999924,139.81999999999925,139.86999999999924,1205
2026-08-06T19:45:00+00:00,139.86999999999924,140.11999999999924,139.67999999999924,139.80999999999923,2217
2026-08-07T13:30:00+00:00,139.80999999999923,140.38999999999925,138.41999999999925,140.19999999999925,384
2026-08-07T13:45:00+00:00,140.19999999999925,140.24999999999926,139.76999999999924,139.93999999999926,597
2026-08-07T14:00:00+00:00,139.93999999999926,140.01999999999924,139.47999999999925,139.58999999999924,790
2026-08-07T14:15:00+00:00,139.58999999999924,140.60999999999925,139.58999999999924,140.47999999999925,718
2026-08-07T14:30:00+00:00,140.47999999999925,140.49999999999926,140.17999999999924,140.27999999999923,690
2026-08-07T14:45:00+00:00,140.27999999999923,140.64999999999924,140.26999999999924,140.54999999999924,633
2026-08-07T15:00:00+00:00,140.54999999999924,140.74999999999926,140.46999999999926,140.60999999999925,554
2026-08-07T15:15:00+00:00,140.60999999999925,140.69999999999925,140.53999999999925,140.59999999999926,543
2026-08-07T15:30:00+00:00,140.59999999999926,140.61999999999924,140.34999999999926,140.44999999999925,486
2026-08-07T15:45:00+00:00,140.44999999999925,140.75999999999925,140.37999999999926,140.39999999999924,489
2026-08-07T16:00:00+00:00,140.39999999999924,140.51999999999924,140.17999999999924,140.23999999999924,447
2026-08-07T16:15:00+00:00,140.23999999999924,140.30999999999923,139.99999999999926,140.07999999999925,644
2026-08-07T16:30:00+00:00,140.07999999999925,140.49999999999926,140.00999999999925,140.44999999999925,530
2026-08-07T16:45:00+00:00,140.44999999999925,140.56999999999925,140.39999999999924,140.49999999999926,377
2026-08-07T17:00:00+00:00,140.49999999999926,140.71999999999926,140.47999999999925,140.54999999999924,359
2026-08-07T17:15:00+00:00,140.54999999999924,140.65999999999926,140.51999999999924,140.59999999999926,278
2026-08-07T17:30:00+00:00,140.59999999999926,140.64999999999924,140.50999999999925,140.55999999999923,339
2026-08-07T17:45:00+00:00,140.55999999999923,140.63999999999925,140.52999999999923,140.52999999999923,302
2026-08-07T18:00:00+00:00,140.52999999999923,140.64999999999924,140.38999999999925,140.55999999999923,356
2026-08-07T18:15:00+00:00,140.55999999999923,140.78999999999925,140.54999999999924,140.69999999999925,363
2026-08-07T18:30:00+00:00,140.69999999999925,140.85999999999925,140.69999999999925,140.80999999999923,314
2026-08-07T18:45:00+00:00,140.80999999999923,140.95999999999924,140.76999999999924,140.87999999999926,356
2026-08-07T19:00:00+00:00,140.87999999999926,141.17999999999924,140.87999999999926,141.14999999999924,442
2026-08-07T19:15:00+00:00,141.14999999999924,141.24999999999926,141.02999999999923,141.07999999999925,424
2026-08-07T19:30:00+00:00,141.07999999999925,141.07999999999925,140.85999999999925,140.86999999999924,602
2026-08-07T19:45:00+00:00,140.86999999999924,141.04999999999924,140.68999999999926,141.00999999999925,907
2026-08-10T13:30:00+00:00,141.00999999999925,141.85999999999925,140.07999999999925,141.43999999999926,461
2026-08-10T13:45:00+00:00,141.43999999999926,141.84999999999926,141.17999999999924,141.38999999999925,727
2026-08-10T14:00:00+00:00,141.38999999999925,141.80999999999923,141.02999999999923,141.22999999999925,632
2026-08-10T14:15:00+00:00,141.22999999999925,141.29999999999924,140.93999999999926,141.03999999999925,475
2026-08-10T14:30:00+00:00,141.03999999999925,141.14999999999924,140.90999999999926,141.00999999999925,447
2026-08-10T14:45:00+00:00,141.00999999999925,141.60999999999925,141.00999999999925,141.33999999999924,555
2026-08-10T15:00:00+00:00,141.33999999999924,142.05999999999923,141.29999999999924,142.00999999999925,763
2026-08-10T15:15:00+00:00,142.00999999999925,142.11999999999924,141.76999999999924,141.80999999999923,576
2026-08-10T15:30:00+00:00,141.80999999999923,141.98999999999924,141.39999999999924,141.43999999999926,772
2026-08-10T15:45:00+00:00,141.43999999999926,141.85999999999925,141.43999999999926,141.80999999999923,494
2026-08-10T16:00:00+00:00,141.80999999999923,141.83999999999924,141.43999999999926,141.43999999999926,433
2026-08-10T16:15:00+00:00,141.43999999999926,141.52999999999923,141.13999999999925,141.51999999999924,385
2026-08-10T16:30:00+00:00,141.51999999999924,141.65999999999926,141.25999999999925,141.41999999999925,608
2026-08-10T16:45:00+00:00,141.41999999999925,141.56999999999925,141.11999999999924,141.13999999999925,439
2026-08-10T17:00:00+00:00,141.13999999999925,141.15999999999926,141.01999999999924,141.02999999999923,372
2026-08-10T17:15:00+00:00,141.02999999999923,141.08999999999924,140.90999999999926,141.04999999999924,433
2026-08-10T17:30:00+00:00,141.04999999999924,141.52999999999923,140.95999999999924,141.49999999999926,418
2026-08-10T17:45:00+00:00,141.49999999999926,141.58999999999924,141.30999999999923,141.40999999999926,445
2026-08-10T18:00:00+00:00,141.40999999999926,141.51999999999924,141.29999999999924,141.31999999999925,391
2026-08-10T18:15:00+00:00,141.31999999999925,141.56999999999925,141.29999999999924,141.46999999999926,283
2026-08-10T18:30:00+00:00,141.46999999999926,141.64999999999924,141.39999999999924,141.57999999999925,312
2026-08-10T18:45:00+00:00,141.57999999999925,141.77999999999923,141.53999999999925,141.67999999999924,289
2026-08-10T19:00:00+00:00,141.67999999999924,141.73999999999924,141.43999999999926,141.46999999999926,361
2026-08-10T19:15:00+00:00,141.46999999999926,141.50999999999925,141.34999999999926,141.37999999999926,487
2026-08-10T19:30:00+00:00,141.37999999999926,141.47999999999925,141.29999999999924,141.38999999999925,521
2026-08-10T19:45:00+00:00,141.38999999999925,141.51999999999924,141.08999999999924,141.28999999999925,1408
2026-08-11T13:30:00+00:00,141.28999999999925,142.78999999999925,141.23999999999924,142.52999999999923,461
2026-08-11T13:45:00+00:00,142.52999999999923,143.14999999999924,142.32999999999925,142.75999999999925,747
2026-08-11T14:00:00+00:00,142.75999999999925,142.95999999999924,141.57999999999925,141.78999999999925,634
2026-08-11T14:15:00+00:00,141.78999999999925,142.01999999999924,141.48999999999924,141.96999999999926,596
2026-08-11T14:30:00+00:00,141.96999999999926,142.01999999999924,141.43999999999926,141.54999999999924,529
2026-08-11T14:45:00+00:00,141.54999999999924,142.10999999999925,141.54999999999924,141.98999999999924,546
2026-08-11T15:00:00+00:00,141.98999999999924,142.27999999999923,141.97999999999925,142.19999999999925,634
2026-08-11T15:15:00+00:00,142.19999999999925,142.26999999999924,141.93999999999926,142.19999999999925,542
2026-08-11T15:30:00+00:00,142.19999999999925,142.27999999999923,141.95999999999924,141.98999999999924,586
2026-08-11T15:45:00+00:00,141.98999999999924,142.09999999999926,141.83999999999924,141.99999999999926,568
2026-08-11T16:00:00+00:00,141.99999999999926,142.13999999999925,141.73999999999924,141.77999999999923,469
2026-08-11T16:15:00+00:00,141.77999999999923,142.29999999999924,141.75999999999925,142.19999999999925,507
2026-08-11T16:30:00+00:00,142.19999999999925,142.53999999999925,142.10999999999925,142.43999999999926,345
2026-08-11T16:45:00+00:00,142.43999999999926,142.66999999999925,142.38999999999925,142.66999999999925,367
2026-08-11T17:00:00+00:00,142.66999999999925,142.69999999999925,142.45999999999924,142.55999999999923,348
2026-08-11T17:15:00+00:00,142.55999999999923,142.65999999999926,142.18999999999926,142.25999999999925,434
2026-08-11T17:30:00+00:00,142.25999999999925,142.25999999999925,141.99999999999926,142.09999999999926,416
2026-08-11T17:45:00+00:00,142.09999999999926,142.11999999999924,141.91999999999925,142.06999999999925,315
2026-08-11T18:00:00+00:00,142.06999999999925,142.10999999999925,141.87999999999926,142.09999999999926,300
2026-08-11T18:15:00+00:00,142.09999999999926,142.10999999999925,141.91999999999925,141.94999999999925,332
2026-08-11T18:30:00+00:00,141.94999999999925,142.08999999999924,141.81999999999925,141.98999999999924,362
2026-08-11T18:45:00+00:00,141.98999999999924,142.02999999999923,141.65999999999926,141.69999999999925,390
2026-08-11T19:00:00+00:00,141.69999999999925,141.71999999999926,141.37999999999926,141.38999999999925,338
2026-08-11T19:15:00+00:00,141.38999999999925,142.00999999999925,141.35999999999925,141.92999999999924,510
2026-08-11T19:30:00+00:00,141.92999999999924,142.19999999999925,141.89999999999924,142.06999999999925,558
2026-08-11T19:45:00+00:00,142.06999999999925,142.06999999999925,141.46999999999926,141.72999999999925,1133
2026-08-12T13:30:00+00:00,141.72999999999925,143.51999999999924,141.72999999999925,143.24999999999926,906
2026-08-12T13:45:00+00:00,143.24999999999926,143.60999999999925,142.94999999999925,143.37999999999926,1247
2026-08-12T14:00:00+00:00,143.37999999999926,144.05999999999923,143.08999999999924,143.54999999999924,1373
2026-08-12T14:15:00+00:00,143.54999999999924,144.58999999999924,143.41999999999925,144.28999999999925,1144
2026-08-12T14:30:00+00:00,144.28999999999925,144.41999999999925,143.80999999999923,144.23999999999924,1197
2026-08-12T14:45:00+00:00,144.23999999999924,144.48999999999924,143.89999999999924,143.97999999999925,1118.0666146239917
2026-08-12T15:00:00+00:00,143.97999999999925,144.11999999999924,143.57999999999925,143.59999999999926,941
2026-08-12T15:15:00+00:00,143.59999999999926,143.75999999999925,143.45999999999924,143.72999999999925,792
2026-08-12T15:30:00+00:00,143.72999999999925,144.06999999999925,143.70999999999924,144.05999999999923,544
2026-08-12T15:45:00+00:00,144.05999999999923,144.14999999999924,143.84999999999926,144.03999999999925,574
2026-08-12T16:00:00+00:00,144.03999999999925,144.05999999999923,143.56999999999925,143.71999999999926,808
2026-08-12T16:15:00+00:00,143.71999999999926,143.90999999999926,143.68999999999926,143.73999999999924,455
2026-08-12T16:30:00+00:00,143.73999999999924,143.73999999999924,143.48999999999924,143.64999999999924,537
2026-08-12T16:45:00+00:00,143.64999999999924,143.76999999999924,143.58999999999924,143.62999999999926,488
2026-08-12T17:00:00+00:00,143.62999999999926,143.64999999999924,143.51999999999924,143.56999999999925,381
2026-08-12T17:15:00+00:00,143.56999999999925,143.74999999999926,143.45999999999924,143.71999999999926,519
2026-08-12T17:30:00+00:00,143.71999999999926,143.75999999999925,143.42999999999924,143.47999999999925,441
2026-08-12T17:45:00+00:00,143.47999999999925,143.68999999999926,143.42999999999924,143.58999999999924,511
2026-08-12T18:00:00+00:00,143.58999999999924,143.71999999999926,143.46999999999926,143.61999999999924,519
2026-08-12T18:15:00+00:00,143.61999999999924,143.73999999999924,143.51999999999924,143.67999999999924,417
2026-08-12T18:30:00+00:00,143.67999999999924,143.88999999999925,143.63999999999925,143.83999999999924,479
2026-08-12T18:45:00+00:00,143.83999999999924,143.88999999999925,143.76999999999924,143.79999999999924,484
2026-08-12T19:00:00+00:00,143.79999999999924,143.98999999999924,143.79999999999924,143.81999999999925,449
2026-08-12T19:15:00+00:00,143.81999999999925,144.00999999999925,143.79999999999924,143.83999999999924,454
2026-08-12T19:30:00+00:00,143.83999999999924,144.12999999999926,143.81999999999925,143.90999999999926,710
2026-08-12T19:45:00+00:00,143.90999999999926,143.98999999999924,143.48999999999924,143.59999999999926,1306
2026-08-13T13:30:00+00:00,143.59999999999926,144.88999999999925,143.01999999999924,143.91999999999925,592
2026-08-13T13:45:00+00:00,143.91999999999925,144.61999999999924,143.51999999999924,143.81999999999925,910
2026-08-13T14:00:00+00:00,143.81999999999925,144.11999999999924,143.59999999999926,143.79999999999924,701
2026-08-13T14:15:00+00:00,143.79999999999924,145.02999999999923,143.77999999999923,144.91999999999925,688
2026-08-13T14:30:00+00:00,144.91999999999925,144.95999999999924,144.33999999999924,144.39999999999924,577
2026-08-13T14:45:00+00:00,144.39999999999924,144.56999999999925,143.95999999999924,144.12999999999926,721
2026-08-13T15:00:00+00:00,144.12999999999926,144.36999999999924,143.62999999999926,143.71999999999926,783
2026-08-13T15:15:00+00:00,143.71999999999926,143.85999999999925,143.46999999999926,143.63999999999925,809
2026-08-13T15:30:00+00:00,143.63999999999925,144.20999999999924,143.59999999999926,143.98999999999924,757
2026-08-13T15:45:00+00:00,143.98999999999924,144.15999999999926,143.89999999999924,143.92999999999924,498
2026-08-13T16:00:00+00:00,143.92999999999924,144.28999999999925,143.79999999999924,143.82999999999925,424
2026-08-13T16:15:00+00:00,143.82999999999925,144.31999999999925,143.82999999999925,144.29999999999924,459
2026-08-13T16:30:00+00:00,144.29999999999924,144.50999999999925,144.17999999999924,144.44999999999925,588
2026-08-13T16:45:00+00:00,144.44999999999925,144.46999999999926,144.17999999999924,144.31999999999925,456
2026-08-13T17:00:00+00:00,144.31999999999925,144.52999999999923,144.30999999999923,144.45999999999924,384
2026-08-13T17:15:00+00:00,144.45999999999924,144.67999999999924,144.17999999999924,144.20999999999924,467
2026-08-13T17:30:00+00:00,144.20999999999924,144.54999999999924,143.83999999999924,144.45999999999924,612
2026-08-13T17:45:00+00:00,144.45999999999924,144.68999999999926,144.42999999999924,144.65999999999926,351
2026-08-13T18:00:00+00:00,144.65999999999926,145.07999999999925,144.64999999999924,144.95999999999924,487
2026-08-13T18:15:00+00:00,144.95999999999924,144.99999999999926,144.52999999999923,144.68999999999926,427
2026-08-13T18:30:00+00:00,144.68999999999926,144.75999999999925,144.42999999999924,144.46999999999926,349
2026-08-13T18:45:00+00:00,144.46999999999926,144.62999999999926,144.38999999999925,144.55999999999923,472
2026-08-13T19:00:00+00:00,144.55999999999923,144.80999999999923,144.52999999999923,144.68999999999926,413
2026-08-13T19:15:00+00:00,144.68999999999926,144.92999999999924,144.64999999999924,144.72999999999925,368
2026-08-13T19:30:00+00:00,144.72999999999925,144.85999999999925,144.50999999999925,144.71999999999926,589
2026-08-13T19:45:00+00:00,144.71999999999926,144.94999999999925,144.55999999999923,144.80999999999923,1100
2026-08-14T13:30:00+00:00,144.80999999999923,145.33999999999924,144.02999999999923,145.27999999999923,527
2026-08-14T13:45:00+00:00,145.27999999999923,146.27999999999923,145.01999999999924,145.81999999999925,907
2026-08-14T14:00:00+00:00,145.81999999999925,145.94999999999925,145.50999999999925,145.69999999999925,728
2026-08-14T14:15:00+00:00,145.69999999999925,145.93999999999926,145.24999999999926,145.38999999999925,897
2026-08-14T14:30:00+00:00,145.38999999999925,145.67999999999924,145.29999999999924,145.53999999999925,722
2026-08-14T14:45:00+00:00,145.53999999999925,145.83999999999924,145.45999999999924,145.45999999999924,657.471686175261
2026-08-14T15:00:00+00:00,145.45999999999924,145.58999999999924,145.31999999999923,145.39999999999924,526
2026-08-14T15:15:00+00:00,145.39999999999924,145.49999999999923,145.12999999999923,145.16999999999925,750
2026-08-14T15:30:00+00:00,145.16999999999925,145.26999999999924,144.79999999999924,144.84999999999923,748
2026-08-14T15:45:00+00:00,144.84999999999923,144.93999999999923,144.61999999999924,144.75999999999922,643
2026-08-14T16:00:00+00:00,144.75999999999922,145.03999999999922,144.73999999999924,144.95999999999924,480
2026-08-14T16:15:00+00:00,144.95999999999924,145.10999999999925,144.59999999999923,144.62999999999923,480
2026-08-14T16:30:00+00:00,144.62999999999923,144.75999999999922,144.55999999999923,144.65999999999923,390
2026-08-14T16:45:00+00:00,144.65999999999923,144.71999999999923,144.53999999999922,144.56999999999923,364
2026-08-14T17:00:00+00:00,144.56999999999923,144.72999999999925,144.53999999999922,144.68999999999923,346
2026-08-14T17:15:00+00:00,144.68999999999923,144.98999999999924,144.68999999999923,144.96999999999923,372
2026-08-14T17:30:00+00:00,144.96999999999923,144.98999999999924,144.58999999999924,144.75999999999922,503
2026-08-14T17:45:00+00:00,144.75999999999922,144.94999999999925,144.72999999999925,144.91999999999925,559
2026-08-14T18:00:00+00:00,144.91999999999925,145.06999999999923,144.82999999999925,145.02999999999923,399
2026-08-14T18:15:00+00:00,145.02999999999923,145.27999999999923,144.95999999999924,145.26999999999924,374
2026-08-14T18:30:00+00:00,145.26999999999924,145.34999999999923,145.00999999999922,145.18999999999923,378
2026-08-14T18:45:00+00:00,145.18999999999923,145.27999999999923,145.09999999999923,145.13999999999925,376
2026-08-14T19:00:00+00:00,145.13999999999925,145.19999999999925,144.90999999999923,144.96999999999923,365
2026-08-14T19:15:00+00:00,144.96999999999923,145.22999999999925,144.90999999999923,145.06999999999923,485
2026-08-14T19:30:00+00:00,145.06999999999923,145.23999999999924,144.98999999999924,144.98999999999924,528
2026-08-14T19:45:00+00:00,144.98999999999924,145.35999999999925,144.97999999999925,145.27999999999923,828
2026-08-17T13:30:00+00:00,139.16,140.33,138,140.18,532
2026-08-17T13:45:00+00:00,140.18,140.75,139.72,139.79,852
2026-08-17T14:00:00+00:00,139.79,140.21,139.72,139.8,684
2026-08-17T14:15:00+00:00,139.8,139.85,139.04,139.2,623
2026-08-17T14:30:00+00:00,139.2,139.31,138.67,138.74,611
2026-08-17T14:45:00+00:00,138.74,139.1,138.63,138.8,424
2026-08-17T15:00:00+00:00,138.8,139.08,138.75,138.99,523
2026-08-17T15:15:00+00:00,138.99,139.32,138.88,138.89,543
2026-08-17T15:30:00+00:00,138.89,138.97,138.46,138.55,517
2026-08-17T15:45:00+00:00,138.55,138.69,138.41,138.56,391
2026-08-17T16:00:00+00:00,138.56,139.08,138.49,138.97,449
2026-08-17T16:15:00+00:00,138.97,139.05,138.79,138.8,357
2026-08-17T16:30:00+00:00,138.8,138.82,138.42,138.65,569
2026-08-17T16:45:00+00:00,138.65,138.74,138.44,138.48,484
2026-08-17T17:00:00+00:00,138.48,138.94,138.42,138.94,455
2026-08-17T17:15:00+00:00,138.94,139.14,138.79,138.82,567
2026-08-17T17:30:00+00:00,138.82,138.87,138.41,138.7,444
2026-08-17T17:45:00+00:00,138.7,138.74,138.56,138.62,312
2026-08-17T18:00:00+00:00,138.62,138.68,138.29,138.43,575
2026-08-17T18:15:00+00:00,138.43,138.71,138.42,138.67,477
2026-08-17T18:30:00+00:00,138.67,138.69,138.42,138.58,490
2026-08-17T18:45:00+00:00,138.58,138.85,138.58,138.68,439
2026-08-17T19:00:00+00:00,138.68,138.83,138.46,138.51,345
2026-08-17T19:15:00+00:00,138.51,138.72,138.43,138.45,442
2026-08-17T19:30:00+00:00,138.45,138.47,137.68,137.74,796
2026-08-17T19:45:00+00:00,137.74,138.55,137.68,138.38,1131
2026-08-18T13:30:00+00:00,138.38,138.38,136.38,137.34,460
2026-08-18T13:45:00+00:00,137.34,137.77,137.13,137.59,568
2026-08-18T14:00:00+00:00,137.59,137.73,137.25,137.39,741
2026-08-18T14:15:00+00:00,137.39,137.52,137.07,137.12,785
2026-08-18T14:30:00+00:00,137.12,137.44,136.71,136.72,895
2026-08-18T14:45:00+00:00,136.72,136.89,136.33,136.58,945
2026-08-18T15:00:00+00:00,136.58,136.93,136.39,136.69,855
2026-08-18T15:15:00+00:00,136.69,136.71,136.29,136.51,596
2026-08-18T15:30:00+00:00,136.51,137.27,136.51,137,737
2026-08-18T15:45:00+00:00,137,137.28,136.97,137.06,537
2026-08-18T16:00:00+00:00,137.06,137.22,136.93,137.01,472
2026-08-18T16:15:00+00:00,137.01,137.31,137.01,137.05,426
2026-08-18T16:30:00+00:00,137.05,137.26,137.01,137.22,365
2026-08-18T16:45:00+00:00,137.22,137.37,137.07,137.14,344
2026-08-18T17:00:00+00:00,137.14,137.34,137.06,137.23,446
2026-08-18T17:15:00+00:00,137.23,137.33,137.19,137.26,316
2026-08-18T17:30:00+00:00,137.26,137.34,137.08,137.23,335
2026-08-18T17:45:00+00:00,137.23,137.25,136.95,136.95,338
2026-08-18T18:00:00+00:00,136.95,137.17,136.78,137.11,485
2026-08-18T18:15:00+00:00,137.11,137.28,136.98,137.1,390
2026-08-18T18:30:00+00:00,137.1,137.28,137.06,137.28,378
2026-08-18T18:45:00+00:00,137.28,137.47,137.16,137.18,390
2026-08-18T19:00:00+00:00,137.18,137.28,137.02,137.2,397
2026-08-18T19:15:00+00:00,137.2,137.62,137.17,137.52,430
2026-08-18T19:30:00+00:00,137.52,137.8,137.44,137.77,552
2026-08-18T19:45:00+00:00,137.77,137.85,137.31,137.53,1306
2026-08-19T13:30:00+00:00,137.53,137.53,135.76,136.39,796
2026-08-19T13:45:00+00:00,136.39,136.64,135.38,136.2,789
2026-08-19T14:00:00+00:00,136.2,136.28,135.15,135.15,974
2026-08-19T14:15:00+00:00,135.15,135.59,134.98,135.16,1078
2026-08-19T14:30:00+00:00,135.16,135.39,134.85,134.9,862
2026-08-19T14:45:00+00:00,134.9,140.49999999999923,134.04,140.44999999999922,933.9230769230769
2026-08-19T15:00:00+00:00,134.27,134.69,134.03,134.33,1052
2026-08-19T15:15:00+00:00,134.33,134.33,133.54,133.69,809
2026-08-19T15:30:00+00:00,133.69,133.88,133.29,133.49,673
2026-08-19T15:45:00+00:00,133.49,133.73,133.43,133.6,839
2026-08-19T16:00:00+00:00,133.6,134.86,133.51,134.47,890
2026-08-19T16:15:00+00:00,134.47,134.62,133.92,133.93,691
2026-08-19T16:30:00+00:00,133.93,133.99,133.68,133.9,551
2026-08-19T16:45:00+00:00,133.9,133.97,133.58,133.59,573
2026-08-19T17:00:00+00:00,133.59,133.94,133.58,133.86,509
2026-08-19T17:15:00+00:00,133.86,133.97,133.68,133.72,504
2026-08-19T17:30:00+00:00,133.72,133.81,133.51,133.51,453
2026-08-19T17:45:00+00:00,133.51,133.67,133.41,133.44,544
2026-08-19T18:00:00+00:00,133.44,133.69,133.15,133.19,653
2026-08-19T18:15:00+00:00,133.19,133.48,133.02,133.15,612
2026-08-19T18:30:00+00:00,133.15,133.28,132.96,133.02,546
2026-08-19T18:45:00+00:00,133.02,133.1,132.62,132.68,777
2026-08-19T19:00:00+00:00,132.68,132.92,132.51,132.82,732
2026-08-19T19:15:00+00:00,132.82,133.05,132.66,132.91,725
2026-08-19T19:30:00+00:00,132.91,133.11,132.21,132.5,918
2026-08-19T19:45:00+00:00,132.5,132.93,132.49,132.81,1508
2026-08-20T13:30:00+00:00,132.81,132.81,131.38,131.38,608
2026-08-20T13:45:00+00:00,131.38,132.14,131.21,131.66,689
2026-08-20T14:00:00+00:00,131.66,132.25,131.53,132.09,559
2026-08-20T14:15:00+00:00,132.09,132.5,131.67,132.29,575
2026-08-20T14:30:00+00:00,132.29,132.52,132.2,132.42,668
2026-08-20T14:45:00+00:00,132.42,132.77,132.28,132.58,672
2026-08-20T15:00:00+00:00,132.58,132.92,131.9,132.09,1072
2026-08-20T15:15:00+00:00,132.09,132.1,131.76,131.79,708
2026-08-20T15:30:00+00:00,131.79,131.86,131.25,131.26,753
2026-08-20T15:45:00+00:00,131.26,131.54,131.26,131.46,577
2026-08-20T16:00:00+00:00,131.46,131.59,131.29,131.41,503
2026-08-20T16:15:00+00:00,131.41,131.61,131.38,131.53,372
2026-08-20T16:30:00+00:00,131.53,131.94,131.47,131.8,464
2026-08-20T16:45:00+00:00,131.8,131.85,131.48,131.56,418
2026-08-20T17:00:00+00:00,131.56,131.66,131.47,131.5,353
2026-08-20T17:15:00+00:00,131.5,131.51,131.22,131.44,516
2026-08-20T17:30:00+00:00,131.44,131.51,131.19,131.24,466
2026-08-20T17:45:00+00:00,131.24,131.5,131.15,131.42,480
2026-08-20T18:00:00+00:00,131.42,131.51,131.2,131.25,618
2026-08-20T18:15:00+00:00,131.25,131.3,131.05,131.08,489
2026-08-20T18:30:00+00:00,131.08,131.13,130.75,130.75,469
2026-08-20T18:45:00+00:00,130.75,130.79,130.54,130.66,514
2026-08-20T19:00:00+00:00,130.66,130.69,130.47,130.55,521
2026-08-20T19:15:00+00:00,130.55,130.63,130.29,130.32,593
2026-08-20T19:30:00+00:00,130.32,130.35,130.03,130.09,751
2026-08-20T19:45:00+00:00,130.09,130.14,129.46,129.66,1482
2026-08-21T13:30:00+00:00,129.66,131.36,129.66,131.29,748
2026-08-21T13:45:00+00:00,131.29,132.05,131.27,131.74,807
2026-08-21T14:00:00+00:00,131.74,132.11,131.24,131.28,614
2026-08-21T14:15:00+00:00,131.28,131.5,131.01,131.28,525
2026-08-21T14:30:00+00:00,131.28,131.29,130.63,130.69,567
2026-08-21T14:45:00+00:00,130.69,136.79999999999922,130.38,136.78999999999922,535
2026-08-21T15:00:00+00:00,130.61,130.99,130.44,130.74,557
2026-08-21T15:15:00+00:00,130.74,130.86,130.56,130.83,414
2026-08-21T15:30:00+00:00,130.83,131.05,130.75,130.98,526
2026-08-21T15:45:00+00:00,130.98,131.04,130.41,130.45,434
2026-08-21T16:00:00+00:00,130.45,130.61,130.39,130.43,420
2026-08-21T16:15:00+00:00,130.43,130.75,130.31,130.68,408
2026-08-21T16:30:00+00:00,130.68,130.71,130.48,130.51,397
2026-08-21T16:45:00+00:00,130.51,130.58,130.31,130.38,347
2026-08-21T17:00:00+00:00,130.38,130.43,130.2,130.28,357
2026-08-21T17:15:00+00:00,130.28,130.59,130.25,130.51,419
2026-08-21T17:30:00+00:00,130.51,130.73,130.45,130.58,432
2026-08-21T17:45:00+00:00,130.58,131,130.58,130.93,410
2026-08-21T18:00:00+00:00,130.93,131.16,130.88,131.06,375
2026-08-21T18:15:00+00:00,131.06,131.3,131.04,131.23,334
2026-08-21T18:30:00+00:00,131.23,131.57,131.22,131.46,360
2026-08-21T18:45:00+00:00,131.46,131.49,131.31,131.38,269
2026-08-21T19:00:00+00:00,131.38,131.5,131.29,131.38,349
2026-08-21T19:15:00+00:00,131.38,131.51,131.27,131.41,434
2026-08-21T19:30:00+00:00,131.41,131.47,131.2,131.23,558
2026-08-21T19:45:00+00:00,131.23,131.6,131.09,131.59,869
2026-08-24T13:30:00+00:00,131.59,132.01,130.88,131.25,464
2026-08-24T13:45:00+00:00,131.25,132.43,131.25,132.01,714
2026-08-24T14:00:00+00:00,132.01,132.06,131.53,132.02,565
2026-08-24T14:15:00+00:00,132.02,132.02,131.49,131.67,652
2026-08-24T14:30:00+00:00,131.67,132.02,131.44,131.45,706
2026-08-24T14:45:00+00:00,131.45,131.95,131.38,131.71,715
2026-08-24T15:00:00+00:00,131.71,131.84,131.53,131.78,612
2026-08-24T15:15:00+00:00,131.78,131.96,131.52,131.89,524
2026-08-24T15:30:00+00:00,131.89,132.05,131.73,131.8,647
2026-08-24T15:45:00+00:00,131.8,132.02,131.77,131.93,423
2026-08-24T16:00:00+00:00,131.93,132.07,131.63,131.68,458
2026-08-24T16:15:00+00:00,131.68,131.91,131.63,131.74,363
2026-08-24T16:30:00+00:00,131.74,131.75,131.52,131.6,337
2026-08-24T16:45:00+00:00,131.6,131.8,131.55,131.68,265
2026-08-24T17:00:00+00:00,131.68,131.99,131.65,131.93,354
2026-08-24T17:15:00+00:00,131.93,131.93,131.44,131.49,486
2026-08-24T17:30:00+00:00,131.49,131.64,131.46,131.5,397
2026-08-24T17:45:00+00:00,131.5,131.8,131.4,131.77,401
2026-08-24T18:00:00+00:00,131.77,131.89,131.63,131.84,393
2026-08-24T18:15:00+00:00,131.84,132.02,131.83,131.93,416
2026-08-24T18:30:00+00:00,131.93,132.08,131.87,132.04,470
2026-08-24T18:45:00+00:00,132.04,132.12,131.78,131.79,393
2026-08-24T19:00:00+00:00,131.79,131.96,131.74,131.93,408
2026-08-24T19:15:00+00:00,131.93,131.95,131.67,131.7,364
2026-08-24T19:30:00+00:00,131.7,131.89,131.62,131.7,502
2026-08-24T19:45:00+00:00,131.7,131.75,131.37,131.52,985
2026-08-25T13:30:00+00:00,131.52,132.3,131.38,132.01,1032
2026-08-25T13:45:00+00:00,132.01,132.24,131.43,132.22,899
2026-08-25T14:00:00+00:00,132.22,132.47,131.82,132.2,876
2026-08-25T14:15:00+00:00,132.2,132.4,132.03,132.32,842
2026-08-25T14:30:00+00:00,132.32,132.33,131.86,132,881
2026-08-25T14:45:00+00:00,132,132.13,131.66,132.08,650
2026-08-25T15:00:00+00:00,132.08,132.38,132.02,132.22,604
2026-08-25T15:15:00+00:00,132.22,132.44,132.14,132.21,485
2026-08-25T15:30:00+00:00,132.21,132.48,132.03,132.46,665
2026-08-25T15:45:00+00:00,132.46,133.07,132.42,132.96,543
2026-08-25T16:00:00+00:00,132.96,133.09,132.85,132.87,440
2026-08-25T16:15:00+00:00,132.87,132.91,132.67,132.85,369
2026-08-25T16:30:00+00:00,132.85,133.14,132.82,133.02,378
2026-08-25T16:45:00+00:00,133.02,133.04,132.86,132.94,292
2026-08-25T17:00:00+00:00,132.94,133.07,132.77,132.83,399
2026-08-25T17:15:00+00:00,132.83,132.95,132.73,132.83,381
2026-08-25T17:30:00+00:00,132.83,132.94,132.68,132.75,384
2026-08-25T17:45:00+00:00,132.75,132.85,132.68,132.71,339
2026-08-25T18:00:00+00:00,132.71,132.88,132.7,132.81,342
2026-08-25T18:15:00+00:00,132.81,133.08,132.81,132.98,327
2026-08-25T18:30:00+00:00,132.98,133.1,132.96,133.09,376
2026-08-25T18:45:00+00:00,133.09,133.22,133.05,133.05,547
2026-08-25T19:00:00+00:00,133.05,133.13,132.94,133.05,373
2026-08-25T19:15:00+00:00,133.05,133.19,132.87,133.14,373
2026-08-25T19:30:00+00:00,133.14,133.56,133.12,133.45,458
2026-08-25T19:45:00+00:00,133.45,133.45,133.06,133.09,874
2026-08-26T13:30:00+00:00,133.09,133.3,132.06,132.96,418
2026-08-26T13:45:00+00:00,132.96,133.11,132.25,132.94,642
2026-08-26T14:00:00+00:00,132.94,132.96,132.38,132.46,803
2026-08-26T14:15:00+00:00,132.46,132.68,132.22,132.68,696
2026-08-26T14:30:00+00:00,132.68,133.15,132.54,133.04,661
2026-08-26T14:45:00+00:00,133.04,133.13,132.83,132.97,641
2026-08-26T15:00:00+00:00,132.97,133.14,132.86,133.04,520
2026-08-26T15:15:00+00:00,133.04,133.08,132.81,132.82,519
2026-08-26T15:30:00+00:00,132.82,133.05,132.75,132.97,396
2026-08-26T15:45:00+00:00,132.97,133.62,132.95,133.62,556
2026-08-26T16:00:00+00:00,133.62,133.69,133.23,133.23,533
2026-08-26T16:15:00+00:00,133.23,133.45,133.14,133.34,423
2026-08-26T16:30:00+00:00,133.34,133.38,133.13,133.25,393
2026-08-26T16:45:00+00:00,133.25,133.4,133.17,133.35,373
2026-08-26T17:00:00+00:00,133.35,133.41,133.16,133.31,298
2026-08-26T17:15:00+00:00,133.31,133.65,133.3,133.58,268
2026-08-26T17:30:00+00:00,133.58,133.65,133.4,133.42,286
2026-08-26T17:45:00+00:00,133.42,133.44,133.25,133.3,280
2026-08-26T18:00:00+00:00,133.3,133.37,133.21,133.29,240
2026-08-26T18:15:00+00:00,133.29,133.37,133.2,133.27,226
2026-08-26T18:30:00+00:00,133.27,133.38,133.23,133.34,197
2026-08-26T18:45:00+00:00,133.34,133.47,133.28,133.38,289
2026-08-26T19:00:00+00:00,133.38,133.59,133.38,133.46,272
2026-08-26T19:15:00+00:00,133.46,133.63,133.37,133.54,296
2026-08-26T19:30:00+00:00,133.54,133.62,133.41,133.61,464
2026-08-26T19:45:00+00:00,133.61,133.64,133.11,133.54,834
2026-08-27T13:30:00+00:00,133.54,133.79,132.13,133.41,444
2026-08-27T13:45:00+00:00,133.41,133.73,132.79,133.46,484
2026-08-27T14:00:00+00:00,133.46,133.59,131.89,132.23,652
2026-08-27T14:15:00+00:00,132.23,132.23,131.64,131.96,526
2026-08-27T14:30:00+00:00,131.96,132.61,131.81,132.51,701
2026-08-27T14:45:00+00:00,132.51,132.81,132.34,132.42,488
2026-08-27T15:00:00+00:00,132.42,132.62,132.18,132.52,552
2026-08-27T15:15:00+00:00,132.52,133.08,132.48,133.01,508
2026-08-27T15:30:00+00:00,133.01,133.17,132.91,132.93,473
2026-08-27T15:45:00+00:00,132.93,133.22,132.93,133.14,359
2026-08-27T16:00:00+00:00,133.14,133.22,132.94,133.1,432
2026-08-27T16:15:00+00:00,133.1,133.31,132.98,133.01,328
2026-08-27T16:30:00+00:00,133.01,133.25,132.99,133.22,343
2026-08-27T16:45:00+00:00,133.22,133.34,133.16,133.21,446
2026-08-27T17:00:00+00:00,133.21,133.27,132.82,132.83,478
2026-08-27T17:15:00+00:00,132.83,132.93,132.69,132.78,366
2026-08-27T17:30:00+00:00,132.78,132.87,132.71,132.73,296
2026-08-27T17:45:00+00:00,132.73,132.87,132.64,132.71,320
2026-08-27T18:00:00+00:00,132.71,132.84,132.57,132.66,471
2026-08-27T18:15:00+00:00,132.66,132.75,132.47,132.52,355
2026-08-27T18:30:00+00:00,132.52,132.55,132.25,132.4,357
2026-08-27T18:45:00+00:00,132.4,132.5,132.27,132.48,537
2026-08-27T19:00:00+00:00,132.48,132.63,132.39,132.41,457
2026-08-27T19:15:00+00:00,132.41,132.5,132.23,132.24,392
2026-08-27T19:30:00+00:00,132.24,132.46,132.24,132.44,450
2026-08-27T19:45:00+00:00,132.44,132.84,132.4,132.68,1102
2026-08-28T13:30:00+00:00,132.68,133.15,132.15,132.47,816
2026-08-28T13:45:00+00:00,132.47,133,132.19,132.63,832
2026-08-28T14:00:00+00:00,132.63,133.3,132.53,132.99,1108
2026-08-28T14:15:00+00:00,132.99,133.47,132.24,132.48,1158
2026-08-28T14:30:00+00:00,132.48,132.87,132.23,132.75,1237
2026-08-28T14:45:00+00:00,132.75,133.24,132.58,133.24,867
2026-08-28T15:00:00+00:00,133.24,133.43,132.68,132.92,839
2026-08-28T15:15:00+00:00,132.92,133.33,132.87,132.99,601
2026-08-28T15:30:00+00:00,132.99,133,132.37,132.44,989
2026-08-28T15:45:00+00:00,132.44,132.64,132.3,132.46,964
2026-08-28T16:00:00+00:00,132.46,132.8,132.37,132.49,867
2026-08-28T16:15:00+00:00,132.49,132.6,132.2,132.29,1080
2026-08-28T16:30:00+00:00,132.29,132.62,132.28,132.57,1097
2026-08-28T16:45:00+00:00,132.57,132.73,132.5,132.6,637
2026-08-28T17:00:00+00:00,132.6,132.61,132.26,132.53,717
2026-08-28T17:15:00+00:00,132.53,132.62,132.31,132.42,647
2026-08-28T17:30:00+00:00,132.42,132.52,132.29,132.35,551
2026-08-28T17:45:00+00:00,132.35,132.56,132.32,132.55,490
2026-08-28T18:00:00+00:00,132.55,132.63,132.38,132.46,514
2026-08-28T18:15:00+00:00,132.46,132.65,132.37,132.47,393
2026-08-28T18:30:00+00:00,132.47,132.62,132.43,132.56,369
2026-08-28T18:45:00+00:00,132.56,132.62,132.5,132.56,412
2026-08-28T19:00:00+00:00,132.56,132.74,132.52,132.7,467
2026-08-28T19:15:00+00:00,132.7,132.77,132.54,132.58,460
2026-08-28T19:30:00+00:00,132.58,132.58,132.29,132.46,599
2026-08-28T19:45:00+00:00,132.46,132.75,132.43,132.71,1211
2026-08-31T13:30:00+00:00,132.71,132.71,131.38,131.88,412
2026-08-31T13:45:00+00:00,131.88,132.08,131.3,131.72,664
2026-08-31T14:00:00+00:00,131.72,131.93,131.53,131.68,599
2026-08-31T14:15:00+00:00,131.68,131.71,131.21,131.23,740
2026-08-31T14:30:00+00:00,131.23,131.85,131.2,131.58,626
2026-08-31T14:45:00+00:00,131.58,131.72,131.48,131.52,540
2026-08-31T15:00:00+00:00,131.52,131.63,131.41,131.46,550
2026-08-31T15:15:00+00:00,131.46,131.81,131.4,131.68,442
2026-08-31T15:30:00+00:00,131.68,131.83,131.64,131.75,518
2026-08-31T15:45:00+00:00,131.75,131.83,131.53,131.53,335
2026-08-31T16:00:00+00:00,131.53,131.65,131.4,131.62,372
2026-08-31T16:15:00+00:00,131.62,131.67,131.52,131.62,237
2026-08-31T16:30:00+00:00,131.62,131.72,131.56,131.65,252
2026-08-31T16:45:00+00:00,131.65,131.72,131.57,131.57,204
2026-08-31T17:00:00+00:00,131.57,131.68,131.48,131.56,273
2026-08-31T17:15:00+00:00,131.56,131.66,131.48,131.51,248
2026-08-31T17:30:00+00:00,131.51,131.62,131.47,131.61,256
2026-08-31T17:45:00+00:00,131.61,131.95,131.6,131.85,242
2026-08-31T18:00:00+00:00,131.85,131.98,131.72,131.83,373
2026-08-31T18:15:00+00:00,131.83,131.88,131.62,131.62,274
2026-08-31T18:30:00+00:00,131.62,131.68,131.38,131.46,377
2026-08-31T18:45:00+00:00,131.46,131.57,131.43,131.46,314
2026-08-31T19:00:00+00:00,131.46,131.55,131.41,131.46,240
2026-08-31T19:15:00+00:00,131.46,131.67,131.44,131.58,387
2026-08-31T19:30:00+00:00,131.58,131.62,131.36,131.51,543
2026-08-31T19:45:00+00:00,131.51,131.74,131.39,131.54,1160
2026-09-01T13:30:00+00:00,131.54,132.66,129.91,132.3,718
2026-09-01T13:45:00+00:00,132.3,132.73,131.94,132.49,974
2026-09-01T14:00:00+00:00,132.49,133.31,132.28,133.3,885
2026-09-01T14:15:00+00:00,133.3,134.47,133.28,133.65,882
2026-09-01T14:30:00+00:00,133.65,133.96,133.17,133.19,765
2026-09-01T14:45:00+00:00,133.19,133.23,132.68,132.89,651
2026-09-01T15:00:00+00:00,132.89,133.32,132.84,133.28,644
2026-09-01T15:15:00+00:00,133.28,133.3,132.88,132.94,536
2026-09-01T15:30:00+00:00,132.94,133.11,132.81,133.01,605
2026-09-01T15:45:00+00:00,133.01,133.11,132.85,132.97,577
2026-09-01T16:00:00+00:00,132.97,133.2,132.94,132.98,511
2026-09-01T16:15:00+00:00,132.98,133.11,132.4,132.48,584
2026-09-01T16:30:00+00:00,132.48,132.69,132.25,132.42,835
2026-09-01T16:45:00+00:00,132.42,132.47,132.12,132.16,657
2026-09-01T17:00:00+00:00,132.16,132.35,132.15,132.27,398
2026-09-01T17:15:00+00:00,132.27,132.32,132,132.18,510
2026-09-01T17:30:00+00:00,132.18,132.37,132.08,132.08,591
2026-09-01T17:45:00+00:00,132.08,132.17,131.93,132.05,367
2026-09-01T18:00:00+00:00,132.05,132.21,131.88,132.06,545
2026-09-01T18:15:00+00:00,132.06,132.27,132.04,132.2,549
2026-09-01T18:30:00+00:00,132.2,132.23,131.95,131.95,511
2026-09-01T18:45:00+00:00,131.95,132.26,131.93,132.13,558
2026-09-01T19:00:00+00:00,132.13,132.51,132.12,132.5,413
2026-09-01T19:15:00+00:00,132.5,132.64,132.29,132.31,455
2026-09-01T19:30:00+00:00,132.31,132.33,131.84,131.95,663
2026-09-01T19:45:00+00:00,131.95,132.44,131.91,132.41,1076
2026-09-02T13:30:00+00:00,132.41,133.75,132.38,132.96,694
2026-09-02T13:45:00+00:00,132.96,134.13,132.81,133.88,651
2026-09-02T14:00:00+00:00,133.88,134.65,132.92,134.49,853
2026-09-02T14:15:00+00:00,134.49,135.29,134.49,135.23,822
2026-09-02T14:30:00+00:00,135.23,135.88,135.09,135.81,664
2026-09-02T14:45:00+00:00,135.81,136.07,135.59,135.87,795
2026-09-02T15:00:00+00:00,135.88,136.06,134.92,135.03,949
2026-09-02T15:15:00+00:00,135.03,135.1,134.54,134.72,777
2026-09-02T15:30:00+00:00,134.72,134.95,134.6,134.87,684
2026-09-02T15:45:00+00:00,134.87,134.96,134.25,134.34,730
2026-09-02T16:00:00+00:00,134.34,134.38,133.42,133.71,958
2026-09-02T16:15:00+00:00,133.71,133.88,133.13,133.17,689
2026-09-02T16:30:00+00:00,133.17,133.65,133.14,133.56,620
2026-09-02T16:45:00+00:00,133.56,133.64,133.12,133.2,541
2026-09-02T17:00:00+00:00,133.2,133.74,133.12,133.64,440
2026-09-02T17:15:00+00:00,133.64,133.64,133.23,133.29,410
2026-09-02T17:30:00+00:00,133.29,133.46,133.18,133.45,452
2026-09-02T17:45:00+00:00,133.45,133.64,133.4,133.58,423
2026-09-02T18:00:00+00:00,133.58,133.79,133.49,133.59,469
2026-09-02T18:15:00+00:00,133.59,133.69,133.51,133.65,455
2026-09-02T18:30:00+00:00,133.65,133.79,133.58,133.72,367
2026-09-02T18:45:00+00:00,133.72,133.98,133.69,133.96,365
2026-09-02T19:00:00+00:00,133.96,134.17,133.86,134.13,428
2026-09-02T19:15:00+00:00,134.13,134.31,133.96,134.24,666
2026-09-02T19:30:00+00:00,134.24,134.28,134.07,134.09,788
2026-09-02T19:45:00+00:00,134.09,134.3,133.95,134.17,1036
2026-09-03T13:30:00+00:00,134.17,136.97,134.17,136.73,696
2026-09-03T13:45:00+00:00,136.73,137.2,136.36,136.91,561
2026-09-03T14:00:00+00:00,136.91,136.95,135.33,135.49,733
2026-09-03T14:15:00+00:00,135.49,135.72,135.38,135.48,495
2026-09-03T14:30:00+00:00,135.48,136.37,135.29,135.97,657
2026-09-03T14:45:00+00:00,135.97,136.99,135.91,136.89,703
2026-09-03T15:00:00+00:00,136.89,137.44,136.51,137.44,835
2026-09-03T15:15:00+00:00,137.44,137.74,137.22,137.7,892
2026-09-03T15:30:00+00:00,137.7,137.95,137.41,137.68,863
2026-09-03T15:45:00+00:00,137.68,137.96,137.6,137.95,580
2026-09-03T16:00:00+00:00,137.95,138.01,137.4,137.71,641
2026-09-03T16:15:00+00:00,137.71,137.82,137.59,137.8,503
2026-09-03T16:30:00+00:00,137.8,138.04,137.72,137.97,432
2026-09-03T16:45:00+00:00,137.97,138,137.67,137.75,445
2026-09-03T17:00:00+00:00,137.75,137.77,137.42,137.64,570
2026-09-03T17:15:00+00:00,137.64,137.83,137.57,137.74,530
2026-09-03T17:30:00+00:00,137.74,137.87,137.66,137.73,524
2026-09-03T17:45:00+00:00,137.73,137.8,137.63,137.7,391
2026-09-03T18:00:00+00:00,137.7,137.92,137.53,137.8,524
2026-09-03T18:15:00+00:00,137.8,137.89,137.68,137.74,346
2026-09-03T18:30:00+00:00,137.74,138.01,137.65,137.94,352
2026-09-03T18:45:00+00:00,137.94,138.04,137.82,137.92,319
2026-09-03T19:00:00+00:00,137.92,138.24,137.82,138.15,344
2026-09-03T19:15:00+00:00,138.15,138.28,138.03,138.16,468
2026-09-03T19:30:00+00:00,138.16,138.42,138.14,138.19,495
2026-09-03T19:45:00+00:00,138.19,138.19,137.74,138.1,965
2026-09-04T13:30:00+00:00,138.1,138.1,135.89,136.88,410
2026-09-04T13:45:00+00:00,136.88,137.15,136.27,136.31,450
2026-09-04T14:00:00+00:00,136.31,136.62,135.89,136.22,608
2026-09-04T14:15:00+00:00,136.22,136.28,135.51,135.52,739
2026-09-04T14:30:00+00:00,135.52,135.97,135.26,135.92,540
2026-09-04T14:45:00+00:00,135.92,135.95,135.37,135.43,578
2026-09-04T15:00:00+00:00,135.43,135.88,135.33,135.49,496
2026-09-04T15:15:00+00:00,135.49,135.66,135.34,135.57,501
2026-09-04T15:30:00+00:00,135.57,136.19,135.57,136.08,548
2026-09-04T15:45:00+00:00,136.08,136.63,136.02,136.44,556
2026-09-04T16:00:00+00:00,136.44,137.15,136.41,137.09,445
2026-09-04T16:15:00+00:00,137.09,137.28,137,137.07,282
2026-09-04T16:30:00+00:00,137.07,137.3,136.96,137.22,345
2026-09-04T16:45:00+00:00,137.22,137.52,137.2,137.5,304
2026-09-04T17:00:00+00:00,137.5,137.58,137.26,137.58,294
2026-09-04T17:15:00+00:00,137.58,137.77,137.52,137.53,317
2026-09-04T17:30:00+00:00,137.53,137.97,137.52,137.77,363
2026-09-04T17:45:00+00:00,137.77,137.84,137.67,137.73,294
2026-09-04T18:00:00+00:00,137.73,137.93,137.66,137.87,350
2026-09-04T18:15:00+00:00,137.87,137.93,137.74,137.8,364
2026-09-04T18:30:00+00:00,137.8,137.94,137.78,137.86,293
2026-09-04T18:45:00+00:00,137.86,137.88,137.56,137.57,275
2026-09-04T19:00:00+00:00,137.57,137.57,137.39,137.46,284
2026-09-04T19:15:00+00:00,137.46,137.66,137.37,137.59,352
2026-09-04T19:30:00+00:00,137.59,137.61,137.42,137.52,450
2026-09-04T19:45:00+00:00,137.52,137.73,137.4,137.62,850
2026-09-08T13:30:00+00:00,137.63,137.63,135.53,136.71,356
2026-09-08T13:45:00+00:00,136.71,137.48,136.45,137.09,561
2026-09-08T14:00:00+00:00,137.09,137.21,136.39,136.85,705
2026-09-08T14:15:00+00:00,136.85,136.85,136.13,136.4,695
2026-09-08T14:30:00+00:00,136.4,137.02,136.38,136.71,589
2026-09-08T14:45:00+00:00,136.71,137.21,136.57,137.12,671
2026-09-08T15:00:00+00:00,137.12,137.47,137.03,137.19,618
2026-09-08T15:15:00+00:00,137.19,137.48,137.04,137.43,588
2026-09-08T15:30:00+00:00,137.43,137.56,137.07,137.27,518
2026-09-08T15:45:00+00:00,137.27,137.48,137.15,137.19,427
2026-09-08T16:00:00+00:00,137.19,137.4,137.08,137.21,475
2026-09-08T16:15:00+00:00,137.21,137.48,137.1,137.37,397
2026-09-08T16:30:00+00:00,137.37,137.54,137.34,137.52,429
2026-09-08T16:45:00+00:00,137.52,137.69,137.44,137.49,419
2026-09-08T17:00:00+00:00,137.49,137.63,137.32,137.33,508
2026-09-08T17:15:00+00:00,137.33,137.67,137.32,137.39,401
2026-09-08T17:30:00+00:00,137.39,137.83,137.35,137.69,437
2026-09-08T17:45:00+00:00,137.69,137.79,137.54,137.71,426
2026-09-08T18:00:00+00:00,137.71,137.75,137.57,137.62,439
2026-09-08T18:15:00+00:00,137.62,137.78,137.61,137.73,357
2026-09-08T18:30:00+00:00,137.73,137.81,137.54,137.58,351
2026-09-08T18:45:00+00:00,137.58,137.65,136.93,137.01,794
2026-09-08T19:00:00+00:00,137.01,137.23,136.97,137.16,458
2026-09-08T19:15:00+00:00,137.16,137.31,136.85,136.89,554
2026-09-08T19:30:00+00:00,136.89,137.25,136.88,136.99,540
2026-09-08T19:45:00+00:00,136.99,137.05,136.4,136.65,1031
